transaction_id,user_id,amount,city
1,14,1161.94,Lisbon
2,8,2202.82,Madrid
3,77,4176.39,Madrid
4,95,659.22,Madrid
5,20,586.33,Sao Paulo
6,21,3083.54,Lisbon
7,41,4232.74,Rio
8,13,3170.03,Rio
9,65,3960.83,Lisbon
10,24,2888.8,Madrid
11,4,1808.86,Madrid
12,47,1178.01,Sao Paulo
13,66,1995.99,Rio
14,94,4103.73,Lisbon
15,68,1477.29,Madrid
16,5,2947.09,Rio
17,31,1311.6,Lisbon
18,98,3582.88,Rio
19,58,2648.15,Lisbon
20,42,1916.85,Sao Paulo
21,33,3793.3,Lisbon
22,45,1150.23,Madrid
23,64,1996.22,Rio
24,34,2222.35,Madrid
25,62,984.45,Rio
26,90,871.79,Lisbon
27,82,2878.63,Rio
28,10,3394.75,Sao Paulo
29,68,4735.46,Madrid
30,99,1235.51,Madrid
31,94,3788.69,Lisbon
32,61,3097.27,Lisbon
33,40,4401.15,Madrid
34,29,4831.33,Sao Paulo
35,42,4190.46,Madrid
36,44,1994.87,Rio
37,59,4310.94,Sao Paulo
38,30,275.54,Sao Paulo
39,53,215.34,Lisbon
40,6,4248.23,Lisbon
41,7,4204.4,Madrid
42,32,2054.19,Sao Paulo
43,38,3441.54,Lisbon
44,46,4871.08,Lisbon
45,71,4325.89,Sao Paulo
46,90,4205.94,Rio
47,59,369.44,Lisbon
48,8,79.21,Rio
49,60,2876.86,Rio
50,64,599.98,Lisbon
51,64,2905.01,Madrid
52,47,4697.67,Rio
53,92,3321.53,Sao Paulo
54,52,744.5,Lisbon
55,59,3876.33,Lisbon
56,11,4462.71,Sao Paulo
57,4,246.67,Lisbon
58,5,792.68,Madrid
59,11,1424.45,Sao Paulo
60,25,4327.03,Lisbon
61,44,1431.07,Madrid
62,38,3981.69,Rio
63,72,3988.05,Sao Paulo
64,3,1582.26,Madrid
65,45,3769.8,Rio
66,48,1866.07,Sao Paulo
67,63,3080.68,Lisbon
68,30,834.43,Lisbon
69,84,3954.3,Rio
70,89,45.82,Rio
71,90,1868.27,Rio
72,51,3162.68,Lisbon
73,68,4393.22,Lisbon
74,85,1104.67,Madrid
75,81,1984.93,Rio
76,73,3217.31,Lisbon
77,45,3739.44,Madrid
78,10,645.32,Madrid
79,40,1724.05,Madrid
80,13,3037.67,Sao Paulo
81,51,4891.35,Madrid
82,97,2708.5,Madrid
83,40,3178.56,Madrid
84,50,1495.15,Lisbon
85,88,3823.03,Sao Paulo
86,11,3025.17,Lisbon
87,48,1582.49,Lisbon
88,74,2524.11,Madrid
89,79,2656.13,Lisbon
90,82,4167.08,Sao Paulo
91,64,3483.24,Sao Paulo
92,87,1297.94,Madrid
93,64,1640.05,Madrid
94,20,825.42,Sao Paulo
95,62,4860.72,Rio
96,1,4084.37,Sao Paulo
97,93,3914.41,Madrid
98,92,4483.58,Sao Paulo
99,74,3003.71,Sao Paulo
100,23,1672.23,Sao Paulo
101,31,1579.71,Madrid
102,91,4001.83,Rio
103,2,1148.57,Lisbon
104,62,1953.07,Lisbon
105,15,4939.97,Madrid
106,22,2151.88,Rio
107,9,1654.97,Rio
108,90,672.09,Madrid
109,65,4481.09,Sao Paulo
110,97,1349.41,Madrid
111,36,453.06,Lisbon
112,89,4767.84,Sao Paulo
113,38,1373.33,Madrid
114,38,2895.46,Sao Paulo
115,40,811.65,Madrid
116,87,1795.69,Madrid
117,83,4803.37,Sao Paulo
118,57,2870.01,Lisbon
119,19,3938.2,Rio
120,82,1922.76,Lisbon
121,39,2519.39,Lisbon
122,7,3342.53,Lisbon
123,2,1146.93,Madrid
124,3,3608.87,Rio
125,4,3149.37,Rio
126,14,2631.48,Sao Paulo
127,43,1638.9,Sao Paulo
128,22,702.46,Madrid
129,48,4071.05,Rio
130,50,2632.56,Rio
131,17,3197.33,Sao Paulo
132,35,75.39,Rio
133,69,4783.21,Madrid
134,54,4531.15,Madrid
135,32,1275.39,Lisbon
136,100,2316.46,Madrid
137,66,1267.41,Madrid
138,56,3282.38,Madrid
139,34,4630.99,Sao Paulo
140,6,1145.3,Madrid
141,35,1953.94,Sao Paulo
142,70,4399.3,Rio
143,43,1741.59,Sao Paulo
144,24,2653.99,Madrid
145,41,310.96,Sao Paulo
146,96,427.79,Rio
147,47,2324.55,Madrid
148,10,488.66,Madrid
149,44,1750.52,Sao Paulo
150,63,1315.97,Lisbon
151,79,3460.56,Madrid
152,50,3940.11,Rio
153,32,264.31,Sao Paulo
154,100,2054.04,Sao Paulo
155,1,4977.04,Sao Paulo
156,61,3907.18,Sao Paulo
157,100,2459.15,Lisbon
158,87,3676.71,Rio
159,39,4463.24,Madrid
160,28,2828.4,Madrid
161,97,624.33,Lisbon
162,90,3092.23,Sao Paulo
163,40,4248.65,Lisbon
164,68,4416.61,Sao Paulo
165,71,3322.1,Lisbon
166,62,1162.47,Lisbon
167,96,3312.76,Sao Paulo
168,89,188.64,Lisbon
169,8,1328.56,Sao Paulo
170,6,4703.72,Madrid
171,53,1834.54,Rio
172,70,890.09,Rio
173,9,1829.34,Lisbon
174,97,2754.22,Madrid
175,93,3430.84,Sao Paulo
176,37,1831.78,Sao Paulo
177,74,485.3,Rio
178,49,4456.48,Sao Paulo
179,100,3410.15,Lisbon
180,60,4383.35,Madrid
181,63,2509.12,Sao Paulo
182,92,3474.45,Sao Paulo
183,40,4069.96,Madrid
184,55,1276.46,Madrid
185,48,4481.03,Lisbon
186,21,3364.65,Rio
187,99,4659.55,Rio
188,2,1514.44,Rio
189,3,1600.2,Sao Paulo
190,70,1965.27,Madrid
191,80,1431.27,Rio
192,3,474.65,Madrid
193,31,2588.67,Madrid
194,50,3008.25,Rio
195,65,203.51,Madrid
196,67,525.8,Sao Paulo
197,75,4504.62,Sao Paulo
198,66,3628.48,Sao Paulo
199,90,553.46,Rio
200,68,1102.6,Madrid
201,73,4618.01,Madrid
202,10,964.22,Lisbon
203,88,571.19,Lisbon
204,100,1723.06,Rio
205,48,4920.61,Lisbon
206,38,1749.6,Lisbon
207,68,2511.02,Lisbon
208,57,2941.39,Madrid
209,76,3287.17,Rio
210,88,748.44,Sao Paulo
211,73,1725.02,Madrid
212,49,1560.88,Sao Paulo
213,98,569.05,Sao Paulo
214,15,3500.17,Rio
215,52,1085.6,Rio
216,35,1267.75,Madrid
217,65,1316.25,Sao Paulo
218,49,1382.39,Rio
219,26,2551.63,Lisbon
220,49,444.93,Lisbon
221,29,4842.44,Sao Paulo
222,77,4440.83,Sao Paulo
223,82,83.64,Lisbon
224,51,1416.5,Sao Paulo
225,74,1590.16,Madrid
226,50,2541.82,Rio
227,62,2952.95,Sao Paulo
228,75,875.83,Madrid
229,38,1585.36,Rio
230,58,3238.95,Sao Paulo
231,25,3986.49,Rio
232,16,2836.56,Lisbon
233,11,1875.66,Lisbon
234,94,2233.85,Lisbon
235,39,1947.56,Sao Paulo
236,78,1384.18,Rio
237,59,253.99,Rio
238,80,2612.86,Madrid
239,71,1503.78,Sao Paulo
240,42,1473.51,Lisbon
241,59,973.21,Rio
242,71,4067.74,Rio
243,93,130.3,Lisbon
244,92,3340.08,Rio
245,19,1107.35,Lisbon
246,24,1775.17,Lisbon
247,44,3468.02,Sao Paulo
248,73,765.06,Sao Paulo
249,57,938.85,Lisbon
250,89,1973.08,Rio
251,20,2258.95,Rio
252,21,210.61,Sao Paulo
253,72,4045.95,Rio
254,32,2226.16,Madrid
255,44,674.46,Madrid
256,80,3450.49,Lisbon
257,7,3704.59,Rio
258,60,3014.29,Lisbon
259,55,2997.02,Rio
260,77,525.44,Sao Paulo
261,58,1316.27,Lisbon
262,55,2732.68,Madrid
263,22,66.99,Madrid
264,43,4223.72,Rio
265,21,3549.63,Sao Paulo
266,71,4840.14,Sao Paulo
267,17,4028.05,Sao Paulo
268,12,2051.96,Lisbon
269,29,96.36,Madrid
270,100,2832.44,Rio
271,21,3459.18,Rio
272,35,516.13,Madrid
273,53,3096.37,Sao Paulo
274,43,4872.34,Rio
275,84,885.65,Lisbon
276,84,2052.27,Sao Paulo
277,1,56.44,Rio
278,10,1611.71,Sao Paulo
279,4,2210.11,Sao Paulo
280,69,20.49,Madrid
281,51,3749.14,Lisbon
282,93,4877.49,Lisbon
283,81,448.85,Madrid
284,12,4089.1,Sao Paulo
285,29,1016.42,Sao Paulo
286,3,178.07,Madrid
287,73,4658.33,Lisbon
288,50,1428.13,Rio
289,92,1708.04,Sao Paulo
290,89,1063.42,Rio
291,48,3746.01,Lisbon
292,82,2058.81,Rio
293,42,1370.65,Lisbon
294,35,3263.96,Lisbon
295,89,2680.9,Sao Paulo
296,48,2522.38,Sao Paulo
297,36,2493.47,Madrid
298,22,1891.96,Madrid
299,72,3248.14,Sao Paulo
300,55,2493.32,Rio
301,27,2536.17,Rio
302,55,1658.84,Lisbon
303,24,3735.68,Rio
304,82,941.32,Lisbon
305,43,1298.5,Rio
306,48,4737.68,Sao Paulo
307,90,4359.29,Sao Paulo
308,93,2096.28,Lisbon
309,88,2146.9,Lisbon
310,16,1723.41,Lisbon
311,22,2956.15,Lisbon
312,77,3688.79,Madrid
313,70,1059.3,Rio
314,79,684.37,Madrid
315,56,413.47,Lisbon
316,9,2183.42,Rio
317,79,4337.74,Rio
318,55,2383.34,Sao Paulo
319,82,2626.28,Lisbon
320,91,4313.85,Rio
321,25,4856.77,Madrid
322,12,2836.23,Sao Paulo
323,89,456.28,Rio
324,75,4134.48,Lisbon
325,56,3089.93,Madrid
326,30,4406.46,Madrid
327,90,2501.06,Lisbon
328,96,4083.11,Lisbon
329,2,1801.2,Sao Paulo
330,75,1683.98,Sao Paulo
331,2,954.33,Madrid
332,78,2633.29,Lisbon
333,98,3389.63,Sao Paulo
334,59,1513.65,Madrid
335,57,4058.41,Madrid
336,11,81.15,Madrid
337,74,1093.7,Sao Paulo
338,80,134.1,Rio
339,25,599.83,Lisbon
340,59,34.07,Lisbon
341,96,1349.23,Rio
342,2,1566.25,Lisbon
343,97,3447.25,Rio
344,52,4455.51,Sao Paulo
345,36,2862.77,Madrid
346,24,3281.85,Lisbon
347,74,1955.7,Sao Paulo
348,99,1244.07,Madrid
349,84,393.49,Sao Paulo
350,72,3872.83,Lisbon
351,14,140.46,Madrid
352,37,2268.68,Sao Paulo
353,87,1621.58,Madrid
354,2,2031.29,Sao Paulo
355,63,4502.39,Sao Paulo
356,73,4310.26,Lisbon
357,61,2583.05,Rio
358,3,686.92,Lisbon
359,15,3248.11,Madrid
360,3,2197.78,Lisbon
361,52,4558.91,Rio
362,61,4546.05,Rio
363,85,876.01,Sao Paulo
364,15,2507.7,Madrid
365,8,438.92,Sao Paulo
366,62,4781.03,Lisbon
367,51,1743.4,Rio
368,79,3856.75,Lisbon
369,66,4803.66,Madrid
370,8,1983.94,Madrid
371,65,4428.68,Lisbon
372,11,2464.38,Madrid
373,58,4142.74,Madrid
374,53,1837.2,Rio
375,61,3486.63,Rio
376,71,2506.29,Madrid
377,3,649.47,Sao Paulo
378,7,1598.26,Rio
379,1,2627.1,Madrid
380,45,2457.3,Lisbon
381,62,4420.85,Rio
382,23,3408.8,Rio
383,33,1653.79,Madrid
384,29,1650.99,Madrid
385,29,3650.31,Lisbon
386,86,3902.02,Lisbon
387,100,1986.37,Sao Paulo
388,3,2568.89,Sao Paulo
389,21,3095.84,Sao Paulo
390,54,547.29,Sao Paulo
391,57,1425.21,Lisbon
392,63,4617.33,Madrid
393,59,1846.62,Madrid
394,61,1737.97,Madrid
395,68,621.46,Sao Paulo
396,19,239.55,Madrid
397,56,1845.05,Lisbon
398,44,4133.22,Sao Paulo
399,75,464.15,Lisbon
400,55,4267.2,Madrid
401,8,2940.05,Lisbon
402,78,3828.61,Rio
403,78,3297.04,Rio
404,20,4629.56,Lisbon
405,37,1447.79,Madrid
406,81,2356.18,Rio
407,83,2272.1,Sao Paulo
408,94,3465.09,Sao Paulo
409,94,2031.21,Rio
410,45,2657.23,Rio
411,26,1663.15,Madrid
412,77,2243.14,Lisbon
413,78,3301.49,Madrid
414,60,511.58,Madrid
415,11,1801.58,Lisbon
416,55,4041.08,Lisbon
417,3,1891.72,Sao Paulo
418,92,497.76,Lisbon
419,77,4643.21,Sao Paulo
420,40,465.36,Lisbon
421,53,382.58,Madrid
422,29,1673.51,Rio
423,38,2068.76,Rio
424,12,1590.79,Rio
425,2,3113.52,Madrid
426,88,4919.29,Sao Paulo
427,83,3793.86,Lisbon
428,89,1638.09,Madrid
429,53,3443.71,Lisbon
430,92,1644.97,Lisbon
431,29,4029.41,Sao Paulo
432,39,2874.83,Lisbon
433,4,4278.68,Lisbon
434,90,3068.02,Sao Paulo
435,61,235.98,Lisbon
436,93,2317.12,Lisbon
437,90,1857.73,Sao Paulo
438,77,558.82,Madrid
439,15,1028.59,Rio
440,54,264.52,Rio
441,13,1781.21,Sao Paulo
442,42,4065.39,Madrid
443,59,4979.34,Madrid
444,63,904.36,Sao Paulo
445,76,3999.5,Lisbon
446,8,4095.0,Lisbon
447,43,4656.4,Sao Paulo
448,37,2120.84,Sao Paulo
449,96,2669.14,Sao Paulo
450,30,1727.37,Madrid
451,5,3538.16,Rio
452,1,1139.12,Lisbon
453,8,1105.25,Sao Paulo
454,46,4264.93,Sao Paulo
455,91,2592.49,Rio
456,96,1292.09,Rio
457,13,4298.83,Madrid
458,61,2395.56,Madrid
459,78,4311.21,Madrid
460,34,1712.92,Rio
461,81,3541.56,Sao Paulo
462,15,4678.11,Rio
463,78,1729.76,Lisbon
464,23,3479.69,Rio
465,88,3328.62,Rio
466,93,12.99,Lisbon
467,98,3278.53,Sao Paulo
468,36,29.21,Sao Paulo
469,37,378.48,Madrid
470,47,4376.32,Lisbon
471,55,1986.59,Sao Paulo
472,7,3204.81,Sao Paulo
473,86,946.8,Sao Paulo
474,73,1922.3,Madrid
475,29,2500.19,Rio
476,99,3291.7,Rio
477,5,379.93,Rio
478,76,1543.78,Madrid
479,17,3799.94,Rio
480,34,351.35,Rio
481,99,2204.84,Madrid
482,75,2219.92,Madrid
483,11,3126.79,Lisbon
484,57,2659.37,Sao Paulo
485,88,1030.79,Rio
486,58,2354.85,Sao Paulo
487,88,2570.89,Lisbon
488,49,232.1,Madrid
489,7,4987.29,Lisbon
490,82,1371.33,Madrid
491,64,4663.89,Lisbon
492,50,1882.2,Madrid
493,47,3683.9,Sao Paulo
494,90,1605.86,Sao Paulo
495,4,437.26,Sao Paulo
496,33,2545.39,Sao Paulo
497,3,1627.33,Rio
498,23,53.13,Sao Paulo
499,75,2325.41,Rio
500,97,1993.38,Sao Paulo
501,26,3844.05,Madrid
502,64,2942.16,Lisbon
503,26,446.83,Rio
504,8,4546.46,Madrid
505,69,1149.46,Madrid
506,30,386.68,Rio
507,53,1255.46,Madrid
508,33,1059.41,Madrid
509,64,1527.08,Rio
510,58,2135.39,Sao Paulo
511,38,3777.33,Rio
512,6,1643.1,Madrid
513,25,1561.51,Madrid
514,67,563.89,Rio
515,93,2202.56,Madrid
516,17,1994.35,Sao Paulo
517,78,2544.52,Lisbon
518,52,2150.48,Sao Paulo
519,24,1177.51,Madrid
520,27,4236.68,Madrid
521,32,1930.23,Sao Paulo
522,70,4491.01,Madrid
523,95,4651.39,Rio
524,39,3061.37,Sao Paulo
525,85,4174.76,Sao Paulo
526,51,3765.02,Sao Paulo
527,34,539.01,Rio
528,25,2951.04,Rio
529,29,2680.49,Madrid
530,56,3875.1,Madrid
531,54,4537.26,Lisbon
532,20,1934.54,Rio
533,19,3895.75,Rio
534,54,1596.38,Madrid
535,92,27.28,Sao Paulo
536,7,3616.91,Sao Paulo
537,57,555.98,Rio
538,11,3526.2,Sao Paulo
539,94,3256.21,Rio
540,48,81.06,Madrid
541,75,376.75,Rio
542,4,4008.17,Rio
543,42,812.89,Madrid
544,2,75.9,Rio
545,35,4797.42,Lisbon
546,48,3394.06,Lisbon
547,67,2480.51,Lisbon
548,56,1975.08,Rio
549,56,316.92,Rio
550,43,4388.79,Sao Paulo
551,14,4138.11,Sao Paulo
552,75,3910.16,Madrid
553,41,3749.91,Madrid
554,30,4068.14,Rio
555,61,4205.26,Lisbon
556,69,1616.15,Madrid
557,90,2499.16,Madrid
558,95,1052.02,Madrid
559,35,159.47,Lisbon
560,71,1347.75,Lisbon
561,59,213.7,Rio
562,42,3097.72,Madrid
563,63,1844.48,Madrid
564,11,2170.33,Rio
565,23,2271.02,Sao Paulo
566,28,1418.72,Rio
567,24,157.0,Sao Paulo
568,30,4464.13,Madrid
569,44,1047.75,Sao Paulo
570,68,217.6,Rio
571,40,4494.54,Sao Paulo
572,74,2274.09,Madrid
573,76,3893.85,Sao Paulo
574,87,809.18,Rio
575,82,3394.55,Sao Paulo
576,96,3290.34,Lisbon
577,31,2876.1,Rio
578,91,475.82,Rio
579,88,1402.59,Lisbon
580,69,906.6,Rio
581,34,636.97,Rio
582,63,4364.29,Madrid
583,6,3543.99,Madrid
584,3,314.63,Sao Paulo
585,24,2316.15,Lisbon
586,39,3253.85,Lisbon
587,39,850.96,Lisbon
588,50,3770.09,Sao Paulo
589,33,4022.37,Rio
590,31,2386.26,Rio
591,100,2923.13,Madrid
592,90,1284.09,Lisbon
593,53,4135.9,Madrid
594,24,4086.65,Madrid
595,35,3057.94,Rio
596,23,4336.69,Rio
597,100,3349.57,Lisbon
598,68,1401.09,Rio
599,97,1368.03,Rio
600,73,2208.82,Rio
601,29,2453.46,Lisbon
602,67,1769.27,Madrid
603,96,542.18,Lisbon
604,37,181.24,Madrid
605,10,3078.31,Madrid
606,25,2849.24,Madrid
607,76,1858.28,Sao Paulo
608,6,2089.18,Lisbon
609,46,980.86,Madrid
610,97,1664.22,Rio
611,97,1222.98,Madrid
612,1,1986.87,Rio
613,16,103.79,Rio
614,99,2635.07,Lisbon
615,54,4721.6,Lisbon
616,28,4020.51,Rio
617,11,991.46,Madrid
618,75,2894.06,Madrid
619,92,4740.73,Sao Paulo
620,90,493.02,Sao Paulo
621,13,3626.17,Sao Paulo
622,93,1274.03,Madrid
623,91,4272.9,Lisbon
624,57,1322.93,Madrid
625,71,4157.64,Rio
626,18,2552.55,Rio
627,4,2645.08,Sao Paulo
628,66,839.64,Lisbon
629,93,3424.8,Rio
630,93,2494.89,Lisbon
631,73,3668.26,Sao Paulo
632,87,1660.12,Rio
633,3,2188.14,Lisbon
634,82,1228.56,Rio
635,43,90.99,Rio
636,33,4054.98,Rio
637,62,4998.04,Lisbon
638,32,1377.41,Rio
639,29,1323.98,Madrid
640,87,2166.66,Lisbon
641,58,3175.8,Lisbon
642,21,2266.94,Lisbon
643,15,4548.64,Sao Paulo
644,3,470.01,Lisbon
645,56,4959.85,Lisbon
646,68,3449.38,Sao Paulo
647,29,4049.08,Lisbon
648,66,4887.74,Madrid
649,40,3069.21,Lisbon
650,26,4259.93,Madrid
651,30,3595.84,Rio
652,72,529.19,Madrid
653,53,2069.47,Madrid
654,46,4264.36,Rio
655,44,2904.58,Sao Paulo
656,81,4053.35,Madrid
657,90,4476.47,Madrid
658,40,320.09,Madrid
659,46,2255.52,Rio
660,14,4671.19,Rio
661,32,809.42,Sao Paulo
662,21,213.28,Madrid
663,15,220.59,Madrid
664,39,2426.05,Madrid
665,40,4921.38,Sao Paulo
666,77,93.81,Sao Paulo
667,39,4388.73,Madrid
668,7,4962.64,Lisbon
669,77,4869.58,Lisbon
670,7,2726.31,Sao Paulo
671,14,3531.92,Lisbon
672,68,3245.84,Lisbon
673,9,24.89,Madrid
674,21,1496.95,Sao Paulo
675,50,892.44,Sao Paulo
676,11,3108.45,Rio
677,11,3794.81,Rio
678,59,3765.96,Rio
679,85,2473.23,Lisbon
680,92,395.14,Lisbon
681,7,582.62,Rio
682,94,529.43,Rio
683,68,447.15,Rio
684,47,598.81,Lisbon
685,69,3440.65,Sao Paulo
686,87,1749.69,Sao Paulo
687,43,1696.44,Rio
688,29,4315.04,Madrid
689,33,3090.54,Lisbon
690,66,1581.27,Madrid
691,98,690.44,Madrid
692,83,1741.44,Rio
693,26,4224.53,Madrid
694,80,4644.84,Rio
695,33,4263.3,Madrid
696,23,365.72,Rio
697,35,3980.68,Sao Paulo
698,52,2189.91,Lisbon
699,49,2090.49,Lisbon
700,98,2667.22,Sao Paulo
701,66,4241.85,Rio
702,39,4018.51,Madrid
703,4,1452.4,Lisbon
704,15,2103.21,Sao Paulo
705,14,672.62,Madrid
706,28,4994.06,Lisbon
707,86,3859.7,Lisbon
708,66,4253.01,Sao Paulo
709,82,3679.09,Rio
710,21,1065.44,Rio
711,56,350.23,Lisbon
712,15,3207.92,Madrid
713,97,529.01,Rio
714,5,3949.59,Madrid
715,63,348.9,Sao Paulo
716,15,3308.54,Sao Paulo
717,52,316.25,Madrid
718,9,751.94,Madrid
719,6,2890.09,Rio
720,93,3479.1,Rio
721,8,2674.07,Sao Paulo
722,60,154.66,Lisbon
723,34,3555.94,Sao Paulo
724,21,4880.9,Lisbon
725,100,3730.9,Lisbon
726,69,616.56,Lisbon
727,69,3031.79,Lisbon
728,78,1589.45,Madrid
729,45,854.46,Rio
730,3,4828.54,Madrid
731,67,1486.9,Lisbon
732,52,57.43,Madrid
733,2,4192.03,Madrid
734,63,125.74,Madrid
735,4,545.9,Madrid
736,47,4024.84,Rio
737,98,801.42,Lisbon
738,7,934.75,Rio
739,25,1936.38,Madrid
740,19,1405.12,Sao Paulo
741,35,3711.83,Sao Paulo
742,76,2186.63,Lisbon
743,56,1701.49,Lisbon
744,58,68.79,Lisbon
745,59,2006.33,Sao Paulo
746,96,3548.63,Sao Paulo
747,30,4371.86,Madrid
748,27,4388.49,Rio
749,7,698.45,Rio
750,91,1845.83,Sao Paulo
751,73,4201.21,Lisbon
752,31,1793.55,Rio
753,89,4210.05,Madrid
754,81,2161.54,Sao Paulo
755,24,3013.83,Madrid
756,84,2143.42,Madrid
757,36,2937.25,Madrid
758,7,3658.13,Sao Paulo
759,41,2602.17,Lisbon
760,25,162.43,Sao Paulo
761,87,551.68,Rio
762,41,709.54,Rio
763,59,771.98,Madrid
764,53,4510.71,Madrid
765,85,286.93,Rio
766,45,574.65,Lisbon
767,36,4602.4,Lisbon
768,66,2403.77,Rio
769,50,1598.28,Lisbon
770,4,2972.57,Sao Paulo
771,13,4443.79,Rio
772,50,2832.38,Sao Paulo
773,98,360.28,Rio
774,87,2202.78,Lisbon
775,8,600.4,Madrid
776,17,3641.66,Madrid
777,47,3126.68,Sao Paulo
778,82,1995.88,Madrid
779,52,4722.51,Madrid
780,67,1893.86,Lisbon
781,46,878.36,Lisbon
782,65,3724.57,Lisbon
783,43,3021.17,Madrid
784,17,2036.72,Madrid
785,53,4293.3,Sao Paulo
786,55,1058.15,Lisbon
787,16,3437.71,Rio
788,26,907.04,Lisbon
789,93,4731.3,Lisbon
790,23,4510.13,Sao Paulo
791,15,3852.02,Lisbon
792,64,3070.65,Lisbon
793,92,817.74,Madrid
794,99,25.51,Sao Paulo
795,93,3237.52,Rio
796,70,4038.32,Lisbon
797,21,3071.81,Sao Paulo
798,87,4090.74,Sao Paulo
799,9,2262.69,Lisbon
800,91,3220.13,Lisbon
801,88,3117.7,Rio
802,39,681.85,Sao Paulo
803,21,4506.86,Sao Paulo
804,91,99.58,Rio
805,28,4795.24,Sao Paulo
806,14,3831.05,Lisbon
807,45,3005.56,Lisbon
808,74,2648.07,Madrid
809,45,610.73,Madrid
810,55,589.6,Lisbon
811,27,3404.96,Sao Paulo
812,51,4145.64,Sao Paulo
813,2,3959.31,Sao Paulo
814,40,4156.49,Lisbon
815,45,974.32,Rio
816,43,165.35,Lisbon
817,35,3376.43,Lisbon
818,98,4019.93,Lisbon
819,45,176.84,Rio
820,81,1768.52,Sao Paulo
821,5,2619.27,Madrid
822,35,1608.18,Lisbon
823,50,4286.68,Lisbon
824,14,268.8,Rio
825,19,567.14,Rio
826,41,1423.93,Sao Paulo
827,46,541.6,Rio
828,75,554.04,Sao Paulo
829,57,3810.07,Madrid
830,92,3278.3,Sao Paulo
831,24,4210.65,Sao Paulo
832,64,3682.81,Sao Paulo
833,1,3762.02,Sao Paulo
834,97,3105.27,Sao Paulo
835,35,2011.68,Lisbon
836,32,2764.69,Sao Paulo
837,72,1930.43,Rio
838,21,878.75,Rio
839,74,1484.97,Rio
840,84,826.9,Lisbon
841,93,2312.39,Rio
842,23,4869.96,Madrid
843,85,4285.58,Rio
844,60,2708.77,Madrid
845,71,1053.82,Sao Paulo
846,95,2574.98,Lisbon
847,69,3826.15,Madrid
848,65,3372.88,Lisbon
849,89,3873.94,Rio
850,12,1040.54,Lisbon
851,10,1696.53,Sao Paulo
852,24,1372.73,Madrid
853,42,850.75,Madrid
854,44,965.57,Rio
855,47,3596.9,Lisbon
856,79,4695.58,Madrid
857,57,1643.95,Madrid
858,39,2366.2,Rio
859,76,2144.36,Rio
860,38,1072.68,Sao Paulo
861,34,1897.43,Sao Paulo
862,19,4779.9,Madrid
863,9,2712.57,Sao Paulo
864,74,1860.63,Sao Paulo
865,22,3492.76,Madrid
866,46,639.88,Lisbon
867,42,4534.05,Rio
868,71,2267.39,Rio
869,12,2341.01,Lisbon
870,56,2729.6,Rio
871,46,3473.51,Madrid
872,11,4815.11,Sao Paulo
873,24,715.89,Rio
874,20,4130.25,Lisbon
875,34,2880.8,Lisbon
876,4,22.38,Sao Paulo
877,49,1571.5,Rio
878,62,733.75,Sao Paulo
879,75,4067.38,Rio
880,86,238.23,Rio
881,14,4560.69,Sao Paulo
882,74,1294.25,Madrid
883,63,2814.47,Lisbon
884,5,1493.07,Sao Paulo
885,46,1779.62,Sao Paulo
886,47,1480.71,Madrid
887,28,203.17,Lisbon
888,85,1523.28,Sao Paulo
889,6,3746.02,Rio
890,72,1544.3,Sao Paulo
891,84,2118.57,Rio
892,23,508.19,Madrid
893,77,4797.46,Madrid
894,41,212.56,Rio
895,65,3503.17,Sao Paulo
896,85,3854.27,Sao Paulo
897,62,742.65,Sao Paulo
898,35,1697.0,Lisbon
899,58,2378.41,Lisbon
900,74,2497.81,Madrid
901,94,4313.46,Lisbon
902,65,2961.57,Rio
903,98,1647.09,Lisbon
904,32,364.96,Sao Paulo
905,43,2748.61,Lisbon
906,84,3711.66,Madrid
907,17,598.31,Lisbon
908,97,4175.39,Rio
909,48,486.85,Madrid
910,79,72.36,Sao Paulo
911,80,1746.35,Madrid
912,52,4167.68,Lisbon
913,29,3975.22,Sao Paulo
914,19,3830.2,Madrid
915,54,4719.41,Madrid
916,27,1278.61,Madrid
917,97,1530.23,Madrid
918,75,3577.68,Sao Paulo
919,20,4238.27,Sao Paulo
920,91,4095.54,Lisbon
921,56,3131.07,Lisbon
922,52,168.34,Lisbon
923,95,4887.37,Madrid
924,74,3491.3,Madrid
925,51,4703.53,Sao Paulo
926,53,622.09,Madrid
927,1,2875.51,Sao Paulo
928,73,2228.98,Lisbon
929,100,4332.52,Madrid
930,82,3172.58,Lisbon
931,80,4780.25,Sao Paulo
932,98,549.72,Madrid
933,75,455.4,Rio
934,80,253.12,Lisbon
935,81,3046.77,Sao Paulo
936,42,4655.26,Rio
937,6,3526.28,Lisbon
938,49,2267.1,Madrid
939,77,705.64,Rio
940,32,2496.63,Lisbon
941,8,4802.8,Lisbon
942,71,3918.6,Sao Paulo
943,1,2711.52,Sao Paulo
944,26,1435.06,Sao Paulo
945,33,2213.1,Rio
946,36,3698.97,Lisbon
947,20,3303.87,Rio
948,7,805.99,Sao Paulo
949,51,3814.26,Madrid
950,88,4376.01,Sao Paulo
951,81,3241.5,Lisbon
952,3,2876.73,Rio
953,94,1777.52,Rio
954,47,3437.2,Sao Paulo
955,39,4313.76,Sao Paulo
956,40,1732.73,Rio
957,58,2646.5,Madrid
958,15,4367.82,Lisbon
959,31,4666.84,Madrid
960,94,3583.5,Madrid
961,55,2089.28,Rio
962,9,4649.13,Madrid
963,46,4082.0,Rio
964,35,958.75,Madrid
965,80,133.19,Rio
966,77,3781.83,Madrid
967,69,3496.68,Lisbon
968,6,2921.47,Madrid
969,46,2629.57,Sao Paulo
970,19,3838.96,Madrid
971,19,3185.82,Lisbon
972,82,147.71,Lisbon
973,88,1377.4,Madrid
974,85,28.59,Lisbon
975,64,1377.41,Sao Paulo
976,9,4390.81,Madrid
977,98,4956.42,Sao Paulo
978,73,1541.23,Madrid
979,65,195.68,Rio
980,75,3959.29,Madrid
981,10,1651.45,Rio
982,6,1294.12,Sao Paulo
983,90,2557.39,Rio
984,99,1610.13,Sao Paulo
985,42,3208.59,Sao Paulo
986,58,3859.15,Rio
987,94,1292.87,Sao Paulo
988,70,2304.06,Sao Paulo
989,4,4200.57,Madrid
990,77,3196.43,Rio
991,88,2669.37,Madrid
992,93,1554.09,Rio
993,37,1579.97,Rio
994,2,3734.17,Rio
995,35,2814.54,Madrid
996,66,2759.83,Sao Paulo
997,17,4249.84,Sao Paulo
998,17,3851.8,Rio
999,62,2350.65,Madrid
1000,14,3768.11,Lisbon
1001,20,3311.2,Madrid
1002,4,29.09,Sao Paulo
1003,98,445.64,Sao Paulo
1004,77,3014.64,Rio
1005,1,3096.14,Sao Paulo
1006,40,311.3,Rio
1007,33,157.76,Lisbon
1008,60,691.87,Madrid
1009,38,523.17,Madrid
1010,85,3943.31,Rio
1011,44,4437.97,Rio
1012,46,4056.48,Madrid
1013,48,4441.13,Madrid
1014,55,3112.77,Madrid
1015,29,4611.04,Rio
1016,63,3265.56,Madrid
1017,100,2078.47,Sao Paulo
1018,88,1495.66,Madrid
1019,84,3712.44,Madrid
1020,96,201.54,Rio
1021,81,133.08,Rio
1022,84,3387.92,Lisbon
1023,64,1508.91,Sao Paulo
1024,30,1147.29,Sao Paulo
1025,20,2448.89,Lisbon
1026,25,877.62,Lisbon
1027,37,335.93,Madrid
1028,97,1504.33,Madrid
1029,59,4050.59,Rio
1030,69,4802.38,Madrid
1031,46,630.88,Sao Paulo
1032,62,345.43,Lisbon
1033,100,3866.94,Sao Paulo
1034,62,961.11,Lisbon
1035,7,3421.9,Madrid
1036,6,2794.62,Lisbon
1037,26,2255.77,Madrid
1038,6,1038.37,Sao Paulo
1039,57,464.73,Lisbon
1040,47,3553.47,Madrid
1041,15,1047.65,Rio
1042,35,4590.69,Sao Paulo
1043,44,1938.8,Rio
1044,83,1253.14,Rio
1045,40,394.77,Madrid
1046,74,4178.48,Rio
1047,41,4678.78,Rio
1048,69,4389.49,Sao Paulo
1049,50,1626.89,Lisbon
1050,11,4186.4,Madrid
1051,32,4263.26,Sao Paulo
1052,7,4059.67,Lisbon
1053,65,3651.78,Lisbon
1054,63,4526.56,Rio
1055,35,1887.33,Madrid
1056,42,2634.88,Madrid
1057,43,1287.58,Lisbon
1058,79,2450.19,Rio
1059,96,3317.22,Lisbon
1060,43,4171.56,Lisbon
1061,48,1402.33,Madrid
1062,1,829.55,Madrid
1063,30,2966.4,Lisbon
1064,63,1362.21,Lisbon
1065,46,1410.47,Rio
1066,66,4575.13,Lisbon
1067,54,3462.61,Madrid
1068,6,1250.86,Madrid
1069,43,2831.68,Madrid
1070,45,2574.88,Madrid
1071,82,1336.52,Lisbon
1072,54,3209.4,Sao Paulo
1073,94,1021.7,Madrid
1074,17,1180.49,Lisbon
1075,53,2576.28,Rio
1076,82,627.47,Lisbon
1077,96,1237.67,Sao Paulo
1078,69,4964.27,Madrid
1079,7,2992.63,Madrid
1080,20,1568.27,Madrid
1081,19,3450.41,Rio
1082,51,166.13,Rio
1083,6,2941.66,Rio
1084,9,3606.55,Madrid
1085,42,3131.12,Rio
1086,79,1531.22,Lisbon
1087,75,4749.42,Lisbon
1088,61,4208.0,Lisbon
1089,18,2143.04,Lisbon
1090,84,1140.05,Madrid
1091,36,550.04,Lisbon
1092,79,2331.92,Sao Paulo
1093,74,1170.57,Sao Paulo
1094,50,274.26,Sao Paulo
1095,55,2257.65,Sao Paulo
1096,21,2667.25,Sao Paulo
1097,31,3434.31,Sao Paulo
1098,93,1849.38,Lisbon
1099,94,1931.47,Sao Paulo
1100,46,1715.17,Rio
1101,58,3292.67,Rio
1102,41,3555.1,Madrid
1103,85,940.01,Lisbon
1104,21,3838.99,Lisbon
1105,28,4292.18,Rio
1106,90,4934.58,Rio
1107,90,608.07,Rio
1108,90,807.88,Madrid
1109,49,1412.65,Madrid
1110,73,677.59,Rio
1111,71,1125.94,Lisbon
1112,52,1169.66,Lisbon
1113,35,316.03,Madrid
1114,47,2419.42,Madrid
1115,23,1269.03,Sao Paulo
1116,5,1689.82,Rio
1117,39,1096.23,Madrid
1118,35,1580.56,Rio
1119,16,202.5,Rio
1120,80,4194.08,Lisbon
1121,39,4379.33,Rio
1122,56,4011.9,Lisbon
1123,12,4578.94,Rio
1124,56,4424.7,Sao Paulo
1125,16,3945.04,Sao Paulo
1126,79,3802.31,Madrid
1127,42,4315.46,Sao Paulo
1128,71,4584.09,Lisbon
1129,19,3501.28,Madrid
1130,73,721.04,Madrid
1131,12,1533.23,Sao Paulo
1132,31,1010.67,Lisbon
1133,60,1048.16,Madrid
1134,75,4120.2,Rio
1135,37,3436.62,Lisbon
1136,77,2187.23,Sao Paulo
1137,87,2151.92,Rio
1138,75,1428.85,Sao Paulo
1139,48,4397.08,Lisbon
1140,33,4975.57,Rio
1141,43,2570.14,Lisbon
1142,53,3439.16,Lisbon
1143,87,4321.66,Lisbon
1144,42,2009.59,Madrid
1145,77,328.99,Madrid
1146,51,2389.19,Rio
1147,8,11.44,Lisbon
1148,24,1597.64,Madrid
1149,12,280.79,Rio
1150,42,1019.9,Sao Paulo
1151,98,4712.34,Madrid
1152,9,4841.37,Sao Paulo
1153,100,489.85,Sao Paulo
1154,72,1465.35,Madrid
1155,18,907.39,Rio
1156,92,4674.29,Rio
1157,22,2091.99,Sao Paulo
1158,36,4949.94,Sao Paulo
1159,30,1986.35,Rio
1160,48,1455.21,Sao Paulo
1161,92,700.75,Madrid
1162,93,2786.88,Madrid
1163,98,2414.48,Lisbon
1164,61,2529.58,Rio
1165,83,475.06,Madrid
1166,98,1178.83,Sao Paulo
1167,98,2879.56,Sao Paulo
1168,69,3862.58,Madrid
1169,7,3361.66,Madrid
1170,78,2762.85,Lisbon
1171,87,3816.05,Lisbon
1172,55,2255.04,Madrid
1173,14,2941.86,Sao Paulo
1174,21,142.65,Sao Paulo
1175,39,4277.21,Sao Paulo
1176,12,4869.06,Sao Paulo
1177,47,3033.49,Madrid
1178,18,2189.23,Sao Paulo
1179,47,4804.31,Madrid
1180,3,4972.7,Lisbon
1181,10,2329.99,Sao Paulo
1182,19,702.94,Lisbon
1183,7,4697.88,Madrid
1184,34,4159.85,Madrid
1185,33,3917.66,Madrid
1186,30,4414.37,Lisbon
1187,68,2883.93,Rio
1188,67,2240.11,Sao Paulo
1189,7,2849.03,Sao Paulo
1190,61,4846.36,Rio
1191,46,1465.04,Sao Paulo
1192,42,1025.18,Rio
1193,29,1965.36,Rio
1194,55,4841.19,Lisbon
1195,63,2017.58,Rio
1196,79,2765.21,Sao Paulo
1197,98,4837.41,Madrid
1198,6,2737.07,Madrid
1199,60,361.48,Lisbon
1200,69,4418.55,Lisbon
1201,27,1887.8,Lisbon
1202,78,3320.44,Rio
1203,39,3328.58,Madrid
1204,55,659.78,Rio
1205,33,3012.03,Madrid
1206,89,4801.02,Rio
1207,15,3866.03,Rio
1208,94,3447.8,Lisbon
1209,75,1923.42,Rio
1210,60,1029.65,Madrid
1211,67,4534.84,Rio
1212,10,1526.01,Lisbon
1213,43,770.93,Madrid
1214,41,1719.55,Rio
1215,59,4395.65,Rio
1216,81,2191.95,Sao Paulo
1217,54,2443.81,Sao Paulo
1218,45,322.69,Madrid
1219,2,258.1,Rio
1220,47,3960.84,Lisbon
1221,76,2349.12,Rio
1222,45,2242.46,Lisbon
1223,9,1978.02,Rio
1224,49,1766.79,Sao Paulo
1225,28,4217.65,Sao Paulo
1226,53,869.5,Lisbon
1227,58,3755.16,Sao Paulo
1228,43,4457.15,Rio
1229,1,36.44,Sao Paulo
1230,53,705.36,Rio
1231,55,4810.96,Lisbon
1232,6,2626.32,Rio
1233,39,2915.71,Madrid
1234,10,1616.56,Sao Paulo
1235,86,4865.4,Lisbon
1236,57,2573.28,Rio
1237,73,3533.33,Madrid
1238,73,764.13,Madrid
1239,67,4574.91,Madrid
1240,64,1834.89,Rio
1241,17,4277.53,Rio
1242,21,3939.3,Rio
1243,6,405.56,Sao Paulo
1244,30,2544.44,Madrid
1245,47,3405.8,Rio
1246,55,443.37,Rio
1247,67,1100.45,Madrid
1248,90,2022.52,Madrid
1249,16,1021.83,Sao Paulo
1250,89,2998.83,Madrid
1251,46,4619.64,Lisbon
1252,89,362.1,Sao Paulo
1253,87,4579.86,Madrid
1254,28,4161.21,Rio
1255,26,1138.15,Lisbon
1256,80,1005.86,Madrid
1257,57,3580.39,Rio
1258,95,4967.83,Lisbon
1259,66,1432.23,Lisbon
1260,1,4858.79,Rio
1261,51,1144.37,Madrid
1262,98,3395.8,Madrid
1263,73,2145.23,Madrid
1264,28,693.23,Sao Paulo
1265,14,581.79,Lisbon
1266,72,695.3,Rio
1267,58,1733.02,Madrid
1268,5,1395.19,Rio
1269,7,418.74,Rio
1270,17,693.63,Lisbon
1271,35,1734.47,Sao Paulo
1272,72,4636.4,Sao Paulo
1273,92,987.87,Madrid
1274,63,3696.81,Lisbon
1275,39,2043.89,Rio
1276,33,4975.97,Lisbon
1277,25,2082.64,Sao Paulo
1278,52,4682.44,Rio
1279,73,2945.91,Madrid
1280,1,252.08,Rio
1281,78,1434.59,Sao Paulo
1282,26,2014.0,Rio
1283,11,876.62,Madrid
1284,83,3214.09,Madrid
1285,77,608.0,Lisbon
1286,47,1476.98,Madrid
1287,14,2326.13,Sao Paulo
1288,8,2081.54,Rio
1289,19,4769.6,Lisbon
1290,60,3469.76,Lisbon
1291,52,309.0,Madrid
1292,8,2416.88,Rio
1293,42,1015.0,Rio
1294,66,2552.8,Lisbon
1295,69,3569.54,Sao Paulo
1296,95,3080.18,Rio
1297,30,4847.91,Madrid
1298,18,3865.84,Sao Paulo
1299,40,4517.21,Madrid
1300,7,3545.5,Lisbon
1301,26,207.97,Madrid
1302,18,951.94,Sao Paulo
1303,99,4483.8,Sao Paulo
1304,9,2395.34,Lisbon
1305,8,4635.3,Rio
1306,56,2924.54,Lisbon
1307,35,1065.15,Rio
1308,15,226.99,Rio
1309,51,2350.99,Sao Paulo
1310,61,1045.33,Sao Paulo
1311,70,516.45,Lisbon
1312,65,3537.03,Sao Paulo
1313,76,4445.31,Sao Paulo
1314,8,3799.78,Lisbon
1315,48,4148.85,Sao Paulo
1316,93,2833.75,Rio
1317,53,1027.34,Lisbon
1318,1,4328.02,Rio
1319,94,1672.12,Lisbon
1320,70,1153.91,Madrid
1321,3,3881.09,Madrid
1322,41,3776.96,Sao Paulo
1323,55,259.28,Rio
1324,73,3156.81,Madrid
1325,6,4073.65,Lisbon
1326,68,3309.77,Sao Paulo
1327,76,4824.86,Sao Paulo
1328,70,4120.68,Madrid
1329,19,1666.36,Sao Paulo
1330,60,914.45,Sao Paulo
1331,63,3222.59,Rio
1332,69,4200.47,Madrid
1333,22,286.59,Lisbon
1334,11,3668.71,Madrid
1335,30,1259.38,Madrid
1336,45,4223.05,Madrid
1337,88,2750.34,Madrid
1338,82,1664.07,Madrid
1339,7,2907.09,Madrid
1340,73,2373.0,Sao Paulo
1341,61,687.49,Sao Paulo
1342,40,2907.67,Madrid
1343,55,2618.72,Sao Paulo
1344,46,870.76,Lisbon
1345,20,4094.62,Madrid
1346,71,715.38,Madrid
1347,1,4788.74,Rio
1348,68,2861.51,Lisbon
1349,48,3508.18,Lisbon
1350,71,1245.02,Rio
1351,78,1084.04,Lisbon
1352,1,242.97,Lisbon
1353,63,4334.37,Rio
1354,74,4251.45,Sao Paulo
1355,93,77.95,Rio
1356,75,140.36,Sao Paulo
1357,14,2089.41,Lisbon
1358,6,4991.65,Sao Paulo
1359,79,670.24,Madrid
1360,48,2661.25,Rio
1361,82,3067.51,Sao Paulo
1362,30,1942.48,Rio
1363,91,3799.34,Rio
1364,22,4668.61,Lisbon
1365,64,3555.47,Sao Paulo
1366,78,4923.76,Sao Paulo
1367,95,741.26,Rio
1368,6,1238.85,Rio
1369,38,3901.38,Rio
1370,97,988.63,Madrid
1371,51,464.29,Sao Paulo
1372,14,4649.34,Sao Paulo
1373,46,3145.38,Rio
1374,11,4381.63,Lisbon
1375,22,4284.6,Lisbon
1376,87,1186.27,Lisbon
1377,31,4568.39,Rio
1378,21,2559.08,Madrid
1379,42,2584.32,Sao Paulo
1380,22,335.97,Rio
1381,25,2580.99,Madrid
1382,54,3907.25,Rio
1383,85,2048.65,Rio
1384,42,4726.13,Lisbon
1385,33,1290.96,Rio
1386,14,2793.45,Rio
1387,27,4929.64,Sao Paulo
1388,76,2480.99,Rio
1389,15,1803.09,Sao Paulo
1390,85,1768.52,Sao Paulo
1391,25,1610.49,Rio
1392,74,1829.93,Rio
1393,35,3273.88,Lisbon
1394,36,3713.21,Madrid
1395,13,2138.25,Madrid
1396,58,3921.71,Sao Paulo
1397,78,1877.2,Lisbon
1398,62,1869.65,Lisbon
1399,11,1374.39,Lisbon
1400,97,4468.98,Rio
1401,34,1794.43,Lisbon
1402,9,4403.6,Madrid
1403,34,929.63,Rio
1404,69,4123.14,Lisbon
1405,32,2963.61,Rio
1406,29,4673.71,Rio
1407,45,4864.37,Lisbon
1408,39,3261.53,Rio
1409,22,4564.85,Madrid
1410,9,4417.18,Madrid
1411,42,2534.02,Rio
1412,23,717.75,Rio
1413,28,4888.43,Lisbon
1414,53,3159.56,Lisbon
1415,46,2621.35,Lisbon
1416,99,647.58,Sao Paulo
1417,20,2470.74,Lisbon
1418,100,3598.26,Rio
1419,61,4165.94,Rio
1420,45,1311.82,Lisbon
1421,49,2183.23,Madrid
1422,53,2347.71,Lisbon
1423,61,1658.5,Sao Paulo
1424,71,331.78,Madrid
1425,99,1735.92,Sao Paulo
1426,3,2994.14,Sao Paulo
1427,81,1751.89,Madrid
1428,70,4780.96,Lisbon
1429,68,1897.31,Madrid
1430,84,3853.11,Lisbon
1431,66,2395.23,Rio
1432,31,4497.2,Rio
1433,70,3956.76,Sao Paulo
1434,69,3449.07,Sao Paulo
1435,38,3758.56,Rio
1436,3,3086.28,Madrid
1437,15,34.85,Rio
1438,98,1910.45,Rio
1439,82,4577.27,Sao Paulo
1440,97,2201.15,Lisbon
1441,11,3823.42,Sao Paulo
1442,61,1448.03,Lisbon
1443,46,4519.27,Lisbon
1444,67,1407.16,Lisbon
1445,40,4868.32,Sao Paulo
1446,69,1906.75,Rio
1447,40,4429.69,Lisbon
1448,96,1760.8,Rio
1449,62,3827.55,Rio
1450,97,1975.83,Rio
1451,3,56.63,Sao Paulo
1452,92,2323.8,Sao Paulo
1453,82,4108.69,Madrid
1454,4,2219.9,Madrid
1455,70,3720.86,Lisbon
1456,72,1641.38,Lisbon
1457,84,1926.57,Sao Paulo
1458,91,2578.96,Madrid
1459,88,1216.98,Madrid
1460,69,3554.1,Rio
1461,85,2695.98,Rio
1462,18,4203.57,Lisbon
1463,97,4608.7,Madrid
1464,82,3015.73,Madrid
1465,74,2600.57,Rio
1466,80,4180.89,Madrid
1467,55,365.44,Madrid
1468,85,2114.14,Lisbon
1469,100,1251.61,Madrid
1470,50,2558.16,Madrid
1471,5,2964.14,Madrid
1472,15,3921.99,Rio
1473,9,4775.43,Lisbon
1474,69,3544.51,Sao Paulo
1475,50,614.11,Sao Paulo
1476,30,3745.6,Madrid
1477,92,2856.07,Sao Paulo
1478,13,3731.8,Rio
1479,26,1687.84,Madrid
1480,21,920.73,Madrid
1481,80,1639.24,Lisbon
1482,63,919.23,Rio
1483,85,4686.46,Rio
1484,50,4641.23,Sao Paulo
1485,62,3798.28,Sao Paulo
1486,32,4793.19,Rio
1487,42,4567.86,Sao Paulo
1488,20,2417.72,Madrid
1489,10,4831.87,Rio
1490,52,400.88,Madrid
1491,5,381.82,Sao Paulo
1492,82,456.45,Rio
1493,35,1206.1,Madrid
1494,91,4460.23,Rio
1495,72,3579.82,Madrid
1496,48,3742.63,Lisbon
1497,14,3416.23,Rio
1498,19,3735.04,Rio
1499,53,450.91,Lisbon
1500,82,4500.39,Madrid
1501,82,4727.36,Lisbon
1502,34,3107.74,Sao Paulo
1503,24,2501.07,Madrid
1504,84,827.37,Rio
1505,25,4227.64,Lisbon
1506,23,309.45,Madrid
1507,78,29.55,Sao Paulo
1508,47,4879.09,Rio
1509,57,2712.34,Lisbon
1510,97,2335.3,Madrid
1511,11,3520.33,Sao Paulo
1512,23,4693.41,Sao Paulo
1513,51,2473.37,Lisbon
1514,37,4988.59,Lisbon
1515,62,3034.31,Lisbon
1516,57,4116.98,Lisbon
1517,100,994.25,Lisbon
1518,19,746.65,Sao Paulo
1519,50,4463.56,Rio
1520,73,3055.82,Lisbon
1521,27,2451.99,Madrid
1522,39,2934.08,Madrid
1523,91,2957.66,Rio
1524,38,582.33,Sao Paulo
1525,5,2575.37,Rio
1526,59,2316.38,Lisbon
1527,36,712.11,Lisbon
1528,72,469.77,Lisbon
1529,56,1894.2,Rio
1530,25,1664.77,Rio
1531,23,680.73,Madrid
1532,57,2271.92,Sao Paulo
1533,57,4382.44,Rio
1534,83,3338.68,Sao Paulo
1535,4,2369.82,Rio
1536,88,2020.96,Lisbon
1537,55,1087.01,Madrid
1538,93,205.93,Lisbon
1539,59,328.2,Lisbon
1540,76,3489.87,Sao Paulo
1541,87,1863.65,Rio
1542,66,4327.04,Madrid
1543,98,583.15,Rio
1544,40,4363.26,Rio
1545,31,1770.75,Madrid
1546,87,1727.7,Sao Paulo
1547,93,755.42,Rio
1548,14,3202.51,Madrid
1549,98,2924.72,Madrid
1550,28,1078.57,Sao Paulo
1551,31,2233.36,Madrid
1552,48,4919.06,Lisbon
1553,19,1062.6,Rio
1554,60,3523.78,Lisbon
1555,74,707.29,Madrid
1556,46,3379.28,Madrid
1557,31,3584.1,Rio
1558,76,3581.84,Sao Paulo
1559,8,3065.34,Sao Paulo
1560,12,3600.86,Sao Paulo
1561,25,4887.99,Rio
1562,74,2624.14,Lisbon
1563,10,2854.66,Madrid
1564,17,2557.52,Madrid
1565,5,3614.84,Lisbon
1566,5,4674.84,Sao Paulo
1567,29,3991.35,Sao Paulo
1568,69,2398.13,Rio
1569,27,2165.56,Sao Paulo
1570,58,3257.83,Madrid
1571,58,1918.76,Lisbon
1572,50,558.66,Sao Paulo
1573,78,4529.43,Sao Paulo
1574,74,257.21,Rio
1575,51,2209.39,Madrid
1576,51,3093.92,Madrid
1577,88,4384.97,Sao Paulo
1578,92,1776.59,Lisbon
1579,52,796.19,Lisbon
1580,6,3276.04,Lisbon
1581,7,4915.55,Lisbon
1582,65,2366.12,Rio
1583,73,415.03,Madrid
1584,97,154.52,Rio
1585,11,286.25,Rio
1586,14,797.09,Sao Paulo
1587,59,4995.54,Rio
1588,10,4385.61,Rio
1589,23,3184.22,Lisbon
1590,18,3179.32,Rio
1591,43,1827.6,Sao Paulo
1592,18,4899.61,Lisbon
1593,5,4604.28,Madrid
1594,6,4035.02,Lisbon
1595,17,3406.93,Sao Paulo
1596,71,658.25,Madrid
1597,19,563.94,Lisbon
1598,40,4203.74,Sao Paulo
1599,31,3583.12,Rio
1600,11,4244.35,Sao Paulo
1601,68,3251.19,Madrid
1602,24,4777.37,Madrid
1603,53,1179.75,Rio
1604,86,3496.62,Rio
1605,78,56.11,Lisbon
1606,48,3418.42,Madrid
1607,68,2137.97,Rio
1608,55,190.24,Sao Paulo
1609,51,200.62,Lisbon
1610,25,4697.0,Sao Paulo
1611,59,4520.77,Madrid
1612,10,1392.38,Rio
1613,30,4933.7,Rio
1614,69,865.1,Rio
1615,21,1261.4,Madrid
1616,57,2251.5,Madrid
1617,71,4552.06,Rio
1618,30,1834.76,Lisbon
1619,97,2236.05,Madrid
1620,33,1125.68,Lisbon
1621,93,4278.67,Lisbon
1622,20,3035.49,Madrid
1623,4,969.38,Sao Paulo
1624,89,3383.26,Madrid
1625,49,2910.91,Lisbon
1626,69,1074.44,Madrid
1627,27,291.81,Rio
1628,69,4362.56,Madrid
1629,98,2371.07,Lisbon
1630,42,4205.77,Lisbon
1631,82,1683.79,Lisbon
1632,16,1923.27,Rio
1633,36,4664.57,Rio
1634,15,1964.58,Lisbon
1635,97,1357.34,Madrid
1636,4,2838.16,Rio
1637,32,2635.22,Lisbon
1638,69,1706.06,Lisbon
1639,46,1908.19,Sao Paulo
1640,60,4923.32,Sao Paulo
1641,31,1108.73,Lisbon
1642,38,2767.87,Rio
1643,69,2349.38,Sao Paulo
1644,9,654.05,Madrid
1645,18,3047.76,Madrid
1646,15,1916.34,Lisbon
1647,3,3208.23,Rio
1648,99,1574.81,Sao Paulo
1649,42,2655.9,Lisbon
1650,98,1514.28,Lisbon
1651,25,2482.37,Sao Paulo
1652,55,2820.36,Rio
1653,7,2181.57,Sao Paulo
1654,34,572.48,Sao Paulo
1655,44,1713.6,Sao Paulo
1656,41,3448.3,Rio
1657,83,1104.65,Lisbon
1658,6,2789.68,Madrid
1659,34,2810.46,Lisbon
1660,17,3693.54,Lisbon
1661,89,2127.5,Sao Paulo
1662,35,2785.15,Sao Paulo
1663,100,1369.55,Rio
1664,46,189.71,Rio
1665,35,2331.6,Lisbon
1666,97,4500.2,Sao Paulo
1667,79,2179.12,Sao Paulo
1668,36,88.49,Sao Paulo
1669,89,2822.36,Madrid
1670,4,3790.79,Lisbon
1671,63,2465.32,Sao Paulo
1672,61,1669.38,Lisbon
1673,96,4026.56,Lisbon
1674,97,1529.21,Sao Paulo
1675,10,2460.68,Sao Paulo
1676,3,3867.12,Rio
1677,16,3687.3,Sao Paulo
1678,91,2411.61,Sao Paulo
1679,65,4469.98,Rio
1680,34,4994.47,Rio
1681,28,1264.82,Rio
1682,56,4581.38,Lisbon
1683,28,45.24,Sao Paulo
1684,29,2615.83,Sao Paulo
1685,45,3452.0,Rio
1686,55,765.21,Madrid
1687,73,3631.48,Rio
1688,66,394.95,Lisbon
1689,71,2866.77,Sao Paulo
1690,72,4752.84,Sao Paulo
1691,70,3167.09,Madrid
1692,94,2377.04,Madrid
1693,51,3684.67,Rio
1694,56,2434.36,Rio
1695,50,473.85,Lisbon
1696,43,3639.39,Sao Paulo
1697,28,3795.48,Madrid
1698,91,3897.0,Lisbon
1699,84,252.15,Sao Paulo
1700,86,1416.89,Rio
1701,73,1556.36,Sao Paulo
1702,57,1132.5,Rio
1703,34,297.06,Lisbon
1704,30,1510.37,Sao Paulo
1705,13,4802.74,Madrid
1706,79,1690.94,Sao Paulo
1707,27,2785.95,Sao Paulo
1708,93,3337.18,Lisbon
1709,73,2058.49,Sao Paulo
1710,24,2814.7,Sao Paulo
1711,100,4550.6,Lisbon
1712,16,4308.26,Rio
1713,7,239.24,Lisbon
1714,3,92.21,Rio
1715,61,4930.77,Rio
1716,78,310.91,Lisbon
1717,13,4569.56,Madrid
1718,48,2120.95,Rio
1719,84,3109.57,Sao Paulo
1720,17,994.58,Sao Paulo
1721,66,3970.21,Madrid
1722,31,4398.91,Rio
1723,99,1173.67,Madrid
1724,55,3980.05,Sao Paulo
1725,20,1883.6,Rio
1726,99,892.8,Madrid
1727,13,4134.33,Sao Paulo
1728,10,2186.3,Madrid
1729,64,4552.37,Sao Paulo
1730,14,3327.14,Madrid
1731,51,4501.14,Lisbon
1732,50,836.95,Rio
1733,37,1055.4,Rio
1734,97,999.39,Madrid
1735,62,1104.37,Rio
1736,57,650.24,Madrid
1737,26,507.28,Rio
1738,58,4064.05,Rio
1739,25,406.93,Rio
1740,91,3171.94,Rio
1741,51,4085.45,Lisbon
1742,90,1244.77,Madrid
1743,33,1836.87,Rio
1744,52,3674.3,Madrid
1745,55,657.29,Sao Paulo
1746,64,3266.57,Lisbon
1747,20,195.78,Rio
1748,42,4555.84,Lisbon
1749,71,3779.51,Madrid
1750,19,1830.21,Lisbon
1751,83,3534.88,Madrid
1752,92,4505.71,Rio
1753,36,2090.66,Rio
1754,85,4099.64,Rio
1755,23,3882.43,Madrid
1756,22,520.4,Lisbon
1757,100,3992.47,Madrid
1758,63,2959.18,Lisbon
1759,33,3110.09,Madrid
1760,18,287.22,Madrid
1761,46,4675.45,Rio
1762,50,2382.11,Madrid
1763,29,1973.68,Rio
1764,48,4391.79,Sao Paulo
1765,63,1601.86,Madrid
1766,5,1933.99,Sao Paulo
1767,2,3166.42,Lisbon
1768,9,1982.84,Rio
1769,58,1047.04,Lisbon
1770,79,3628.71,Rio
1771,64,3461.61,Lisbon
1772,76,1886.56,Lisbon
1773,9,502.72,Lisbon
1774,70,2115.29,Lisbon
1775,16,869.59,Sao Paulo
1776,30,792.14,Lisbon
1777,97,120.56,Sao Paulo
1778,72,1826.52,Rio
1779,25,2684.62,Lisbon
1780,78,4184.7,Lisbon
1781,43,2095.75,Sao Paulo
1782,8,1798.04,Lisbon
1783,72,3439.55,Sao Paulo
1784,72,4740.13,Lisbon
1785,33,2038.44,Madrid
1786,67,3283.8,Sao Paulo
1787,96,2048.82,Sao Paulo
1788,57,2313.76,Madrid
1789,25,248.64,Madrid
1790,91,2547.94,Rio
1791,60,3604.78,Lisbon
1792,61,2741.6,Lisbon
1793,37,2475.63,Lisbon
1794,61,3764.86,Lisbon
1795,5,1473.32,Rio
1796,47,2242.05,Sao Paulo
1797,28,1332.44,Lisbon
1798,22,1866.69,Rio
1799,30,2146.19,Madrid
1800,71,4697.83,Rio
1801,25,1403.85,Lisbon
1802,69,1101.12,Rio
1803,71,719.32,Rio
1804,77,4401.94,Sao Paulo
1805,51,1921.82,Lisbon
1806,31,2361.64,Sao Paulo
1807,30,2625.18,Rio
1808,6,3660.42,Sao Paulo
1809,64,309.27,Rio
1810,37,2049.08,Madrid
1811,10,3299.81,Madrid
1812,65,2218.29,Rio
1813,82,3509.58,Madrid
1814,55,125.19,Lisbon
1815,68,3243.14,Lisbon
1816,29,195.11,Sao Paulo
1817,55,2851.52,Sao Paulo
1818,27,4937.27,Sao Paulo
1819,3,2372.62,Lisbon
1820,93,81.59,Madrid
1821,20,2646.21,Madrid
1822,74,4747.36,Sao Paulo
1823,25,1659.17,Madrid
1824,11,2424.54,Madrid
1825,41,3291.97,Rio
1826,8,1042.09,Rio
1827,70,1780.43,Lisbon
1828,91,3473.41,Madrid
1829,22,4189.93,Lisbon
1830,32,3264.03,Lisbon
1831,71,4376.58,Rio
1832,77,4261.29,Rio
1833,61,4033.45,Sao Paulo
1834,95,333.0,Lisbon
1835,26,3660.45,Rio
1836,67,833.12,Sao Paulo
1837,45,3521.49,Rio
1838,48,2612.38,Rio
1839,2,1571.9,Lisbon
1840,74,3307.5,Lisbon
1841,57,2928.69,Rio
1842,42,4030.66,Lisbon
1843,13,2446.19,Sao Paulo
1844,62,4067.33,Lisbon
1845,90,3768.18,Lisbon
1846,15,1857.48,Rio
1847,95,430.81,Sao Paulo
1848,81,3683.54,Lisbon
1849,84,810.19,Sao Paulo
1850,71,2581.29,Sao Paulo
1851,63,315.83,Rio
1852,74,1311.88,Lisbon
1853,31,3688.71,Sao Paulo
1854,38,968.94,Madrid
1855,35,4228.91,Lisbon
1856,84,3278.46,Madrid
1857,15,2912.42,Rio
1858,91,1852.22,Sao Paulo
1859,91,4876.52,Rio
1860,35,4097.21,Madrid
1861,70,2451.72,Madrid
1862,66,3617.89,Sao Paulo
1863,63,4814.16,Sao Paulo
1864,38,481.41,Sao Paulo
1865,2,1323.95,Rio
1866,54,3412.8,Lisbon
1867,39,4150.8,Sao Paulo
1868,13,2810.43,Rio
1869,65,562.11,Rio
1870,2,668.88,Lisbon
1871,64,84.57,Madrid
1872,33,3910.25,Sao Paulo
1873,80,953.98,Rio
1874,35,2930.85,Rio
1875,74,1410.5,Sao Paulo
1876,81,4161.52,Rio
1877,11,2670.78,Lisbon
1878,99,2655.83,Lisbon
1879,14,1849.9,Madrid
1880,14,4362.15,Lisbon
1881,77,3906.14,Sao Paulo
1882,71,1503.89,Madrid
1883,28,2883.91,Sao Paulo
1884,55,1966.5,Sao Paulo
1885,22,3797.77,Madrid
1886,6,4807.73,Madrid
1887,90,140.0,Lisbon
1888,40,1860.91,Sao Paulo
1889,37,2199.35,Madrid
1890,11,2968.17,Lisbon
1891,66,2805.59,Madrid
1892,78,4078.16,Rio
1893,79,472.97,Sao Paulo
1894,72,328.45,Rio
1895,96,2821.36,Rio
1896,99,3053.21,Lisbon
1897,21,1300.28,Madrid
1898,6,3915.51,Lisbon
1899,99,4973.97,Madrid
1900,36,4992.75,Rio
1901,33,244.49,Sao Paulo
1902,41,2402.09,Lisbon
1903,70,1645.26,Rio
1904,63,2554.85,Lisbon
1905,48,1268.43,Madrid
1906,81,1583.25,Lisbon
1907,48,2684.89,Madrid
1908,65,331.6,Sao Paulo
1909,11,2385.84,Lisbon
1910,21,2621.06,Sao Paulo
1911,40,2213.49,Rio
1912,26,2764.99,Sao Paulo
1913,31,176.0,Rio
1914,92,124.73,Sao Paulo
1915,75,3291.15,Madrid
1916,54,213.99,Rio
1917,62,2101.65,Sao Paulo
1918,100,3796.03,Rio
1919,99,2683.86,Madrid
1920,41,3972.44,Rio
1921,49,1621.12,Lisbon
1922,96,4271.55,Rio
1923,20,2541.11,Sao Paulo
1924,31,4650.74,Sao Paulo
1925,5,1377.66,Madrid
1926,73,4289.84,Madrid
1927,13,4141.14,Madrid
1928,20,3516.49,Lisbon
1929,44,4061.53,Sao Paulo
1930,13,4422.81,Madrid
1931,96,1916.29,Lisbon
1932,41,2689.25,Sao Paulo
1933,58,4745.57,Rio
1934,43,3226.28,Sao Paulo
1935,78,3595.42,Sao Paulo
1936,50,1852.8,Lisbon
1937,60,66.92,Madrid
1938,92,232.72,Madrid
1939,14,215.45,Madrid
1940,26,2172.04,Madrid
1941,1,3340.32,Rio
1942,72,347.31,Lisbon
1943,48,4400.65,Sao Paulo
1944,9,4199.34,Madrid
1945,36,2516.92,Rio
1946,97,2767.07,Madrid
1947,12,4064.03,Lisbon
1948,100,2266.68,Rio
1949,27,305.44,Lisbon
1950,7,1684.69,Madrid
1951,68,4373.08,Madrid
1952,26,3406.94,Lisbon
1953,17,2243.69,Sao Paulo
1954,37,3438.5,Madrid
1955,25,3474.28,Rio
1956,36,4408.05,Sao Paulo
1957,19,4381.79,Madrid
1958,5,3843.2,Rio
1959,38,3716.77,Sao Paulo
1960,33,1663.12,Rio
1961,1,714.63,Rio
1962,54,2872.2,Sao Paulo
1963,58,3479.05,Lisbon
1964,82,838.17,Rio
1965,81,820.11,Lisbon
1966,86,2450.57,Madrid
1967,98,1537.46,Rio
1968,71,448.3,Lisbon
1969,91,3386.06,Madrid
1970,99,605.08,Lisbon
1971,90,1749.07,Madrid
1972,19,3634.94,Lisbon
1973,63,3880.49,Sao Paulo
1974,78,1976.64,Rio
1975,27,1831.09,Madrid
1976,75,571.04,Lisbon
1977,97,3923.86,Sao Paulo
1978,60,3364.76,Rio
1979,72,759.36,Lisbon
1980,44,692.37,Sao Paulo
1981,60,1513.13,Lisbon
1982,39,4279.97,Lisbon
1983,45,3286.82,Rio
1984,17,3997.98,Rio
1985,66,2678.58,Rio
1986,59,2121.02,Madrid
1987,49,3556.27,Madrid
1988,99,4953.18,Madrid
1989,66,2139.01,Rio
1990,10,45.44,Lisbon
1991,26,184.43,Rio
1992,92,4610.39,Sao Paulo
1993,49,4359.38,Lisbon
1994,61,1667.3,Lisbon
1995,80,2065.3,Sao Paulo
1996,7,2503.15,Sao Paulo
1997,59,4540.27,Lisbon
1998,16,1362.11,Sao Paulo
1999,26,3308.54,Sao Paulo
2000,33,1846.96,Sao Paulo
2001,65,2464.65,Madrid
2002,37,4609.39,Sao Paulo
2003,51,3606.72,Rio
2004,30,4766.55,Sao Paulo
2005,37,3865.54,Sao Paulo
2006,82,106.28,Sao Paulo
2007,8,4507.94,Madrid
2008,49,2741.72,Lisbon
2009,34,2299.71,Rio
2010,27,2180.88,Sao Paulo
2011,80,4037.42,Lisbon
2012,43,689.96,Rio
2013,4,2317.04,Rio
2014,99,3318.5,Sao Paulo
2015,1,3600.33,Lisbon
2016,85,643.06,Sao Paulo
2017,35,2383.06,Lisbon
2018,51,1793.4,Lisbon
2019,41,1956.41,Rio
2020,78,1683.21,Rio
2021,22,2150.64,Lisbon
2022,15,4997.97,Lisbon
2023,51,4609.35,Rio
2024,59,2608.43,Madrid
2025,70,2096.1,Lisbon
2026,18,386.31,Rio
2027,97,585.54,Sao Paulo
2028,1,4800.98,Sao Paulo
2029,61,4614.74,Sao Paulo
2030,52,4993.43,Rio
2031,62,1399.56,Madrid
2032,82,336.0,Lisbon
2033,51,3620.47,Sao Paulo
2034,56,2943.75,Sao Paulo
2035,5,4728.61,Madrid
2036,49,3496.39,Sao Paulo
2037,22,2131.15,Lisbon
2038,17,449.4,Lisbon
2039,5,2911.95,Madrid
2040,88,3069.25,Sao Paulo
2041,62,2696.65,Sao Paulo
2042,95,1972.07,Lisbon
2043,24,4455.18,Sao Paulo
2044,18,1904.89,Sao Paulo
2045,77,1726.89,Rio
2046,17,4449.85,Rio
2047,92,3447.3,Sao Paulo
2048,19,4674.73,Sao Paulo
2049,71,2403.64,Sao Paulo
2050,12,2178.02,Sao Paulo
2051,74,3575.85,Lisbon
2052,26,2783.08,Madrid
2053,9,2019.73,Rio
2054,54,2354.65,Lisbon
2055,96,4745.52,Madrid
2056,72,4623.78,Madrid
2057,98,4970.44,Lisbon
2058,15,4870.12,Lisbon
2059,58,1229.09,Sao Paulo
2060,14,4489.14,Rio
2061,83,2642.59,Lisbon
2062,3,2938.76,Sao Paulo
2063,89,1004.18,Madrid
2064,71,3903.37,Rio
2065,82,4048.12,Lisbon
2066,82,3121.86,Lisbon
2067,99,4832.83,Sao Paulo
2068,93,2156.06,Rio
2069,79,3860.13,Rio
1,56,4051.85,Sao Paulo
2,84,3941.92,Lisbon
3,80,160.72,Madrid
4,90,727.28,Madrid
5,22,1730.52,Rio
6,18,331.72,Rio
7,31,2576.12,Lisbon
8,8,4013.44,Sao Paulo
9,87,3201.76,Sao Paulo
10,64,379.46,Rio
11,57,2572.75,Rio
12,52,4280.93,Madrid
13,49,4145.22,Sao Paulo
14,88,740.27,Madrid
15,13,3442.43,Madrid
16,98,3561.22,Sao Paulo
17,100,1989.18,Sao Paulo
18,75,2646.05,Madrid
19,65,4249.85,Madrid
20,42,3830.79,Rio
21,3,3279.81,Sao Paulo
22,83,4028.71,Madrid
23,16,2668.07,Sao Paulo
24,17,2331.0,Lisbon
25,94,4468.03,Sao Paulo
26,81,4451.21,Madrid
27,57,1812.3,Rio
28,6,4456.77,Sao Paulo
29,53,84.75,Madrid
30,95,712.54,Lisbon
31,80,4380.65,Sao Paulo
32,88,1825.86,Sao Paulo
33,1,2868.38,Lisbon
34,93,2686.3,Lisbon
35,84,3328.32,Rio
36,25,4797.78,Lisbon
37,44,4040.89,Sao Paulo
38,18,3281.74,Sao Paulo
39,95,1741.88,Sao Paulo
40,81,4180.09,Lisbon
41,24,2055.01,Lisbon
42,41,1900.98,Rio
43,56,4036.47,Lisbon
44,20,672.4,Sao Paulo
45,20,2043.97,Sao Paulo
46,75,1428.18,Lisbon
47,100,314.35,Lisbon
48,6,662.58,Lisbon
49,93,2107.5,Rio
50,9,4623.52,Madrid
51,82,4944.42,Rio
52,57,894.78,Lisbon
53,34,3225.63,Rio
54,76,1071.71,Lisbon
55,1,4770.91,Rio
56,58,1208.07,Rio
57,59,2602.78,Lisbon
58,50,3542.15,Lisbon
59,33,3600.39,Sao Paulo
60,81,2042.01,Madrid
61,79,3865.05,Lisbon
62,88,653.35,Lisbon
63,43,905.47,Sao Paulo
64,11,4188.63,Madrid
65,26,3809.47,Sao Paulo
66,61,877.9,Rio
67,70,2436.83,Lisbon
68,51,4641.31,Madrid
69,46,2964.52,Madrid
70,6,1743.43,Rio
71,43,2403.31,Madrid
72,56,845.37,Lisbon
73,46,2293.91,Sao Paulo
74,4,2035.19,Madrid
75,11,3035.51,Madrid
76,56,1854.69,Rio
77,20,3416.48,Lisbon
78,1,1539.99,Lisbon
79,43,4017.01,Rio
80,70,1424.09,Rio
81,29,506.74,Rio
82,50,1284.75,Lisbon
83,66,3494.51,Lisbon
84,59,393.44,Sao Paulo
85,89,4142.25,Sao Paulo
86,58,4484.86,Sao Paulo
87,96,192.44,Sao Paulo
88,8,310.15,Rio
89,48,4415.29,Sao Paulo
90,47,84.01,Madrid
91,87,330.59,Sao Paulo
92,62,34.38,Sao Paulo
93,88,2899.56,Rio
94,31,2535.09,Sao Paulo
95,96,3759.7,Rio
96,84,4207.51,Sao Paulo
97,34,2205.31,Sao Paulo
98,66,1513.58,Rio
99,32,4070.81,Rio
100,44,3360.53,Lisbon
101,90,3444.23,Lisbon
102,22,4921.63,Lisbon
103,72,4026.53,Lisbon
104,84,859.64,Rio
105,98,1326.09,Lisbon
106,7,276.97,Madrid
107,26,1566.54,Rio
108,25,730.27,Rio
109,96,3696.28,Madrid
110,44,2650.84,Rio
111,32,416.57,Sao Paulo
112,32,4386.24,Rio
113,74,2150.48,Rio
114,39,4736.52,Rio
115,30,3249.31,Sao Paulo
116,5,947.75,Rio
117,18,498.26,Lisbon
118,16,308.86,Rio
119,22,1717.49,Sao Paulo
120,65,4763.28,Madrid
121,42,1051.59,Sao Paulo
122,11,2408.94,Madrid
123,62,3576.08,Rio
124,94,3160.88,Madrid
125,11,3785.64,Rio
126,72,1895.85,Sao Paulo
127,61,1599.58,Madrid
128,64,3894.48,Rio
129,39,4328.44,Madrid
130,34,3900.77,Sao Paulo
131,28,4613.6,Sao Paulo
132,23,754.56,Lisbon
133,4,3748.98,Lisbon
134,15,2069.94,Sao Paulo
135,63,3125.31,Lisbon
136,67,1804.28,Lisbon
137,71,4300.95,Rio
138,2,569.88,Madrid
139,21,4876.49,Rio
140,56,4265.8,Madrid
141,13,1645.38,Madrid
142,90,2578.47,Sao Paulo
143,60,4860.15,Rio
144,42,485.84,Lisbon
145,81,2811.23,Lisbon
146,80,1101.07,Sao Paulo
147,89,917.19,Rio
148,56,4471.48,Lisbon
149,33,1265.62,Lisbon
150,65,3847.23,Madrid
151,22,2157.9,Lisbon
152,10,4123.36,Sao Paulo
153,26,1353.05,Sao Paulo
154,58,4047.23,Lisbon
155,91,1695.71,Lisbon
156,97,4919.2,Madrid
157,82,1974.13,Lisbon
158,94,3444.56,Rio
159,92,2513.0,Rio
160,1,3470.46,Lisbon
161,62,4323.99,Sao Paulo
162,84,4603.81,Madrid
163,95,1755.18,Rio
164,85,2489.22,Sao Paulo
165,79,1651.24,Sao Paulo
166,81,4150.23,Sao Paulo
167,52,2993.6,Rio
168,44,790.43,Sao Paulo
169,61,793.1,Sao Paulo
170,31,2100.02,Rio
171,26,2824.59,Sao Paulo
172,78,1642.78,Madrid
173,4,256.73,Sao Paulo
174,89,1176.87,Lisbon
175,77,3540.03,Lisbon
176,79,135.03,Lisbon
177,5,1338.16,Rio
178,99,1927.83,Madrid
179,99,3423.6,Lisbon
180,24,1930.33,Rio
181,98,2453.78,Madrid
182,13,1584.17,Lisbon
183,75,2874.52,Rio
184,55,835.81,Lisbon
185,84,2714.27,Madrid
186,2,2904.43,Madrid
187,35,4916.22,Madrid
188,2,1568.51,Madrid
189,10,3611.66,Lisbon
190,45,684.13,Sao Paulo
191,53,4210.14,Madrid
192,13,3807.73,Sao Paulo
193,12,1804.06,Lisbon
194,14,649.03,Lisbon
195,67,1336.79,Madrid
196,98,714.53,Rio
197,46,3132.12,Madrid
198,6,1846.52,Madrid
199,59,4470.17,Rio
200,52,3747.94,Sao Paulo
201,78,1532.34,Rio
202,79,2894.38,Rio
203,49,1062.33,Rio
204,8,3854.64,Madrid
205,19,2625.61,Sao Paulo
206,58,4488.72,Madrid
207,16,1767.87,Rio
208,19,1167.18,Rio
209,25,3205.77,Rio
210,55,2877.65,Madrid
211,22,4073.53,Madrid
212,65,4119.22,Sao Paulo
213,88,4715.91,Sao Paulo
214,82,1471.1,Sao Paulo
215,21,350.61,Sao Paulo
216,39,2521.15,Madrid
217,19,697.44,Lisbon
218,66,3220.23,Lisbon
219,25,1515.83,Lisbon
220,85,623.43,Lisbon
221,45,1989.35,Lisbon
222,93,1116.09,Madrid
223,78,322.12,Rio
224,83,126.75,Madrid
225,28,3659.14,Rio
226,81,3350.55,Rio
227,94,2875.44,Sao Paulo
228,77,1693.94,Sao Paulo
229,87,2712.13,Rio
230,36,1095.17,Lisbon
231,62,3268.9,Rio
232,59,2091.54,Sao Paulo
233,41,560.82,Madrid
234,65,1059.76,Madrid
235,28,305.97,Madrid
236,54,1196.04,Lisbon
237,1,2879.7,Madrid
238,89,3197.58,Rio
239,64,2383.49,Sao Paulo
240,83,4859.19,Lisbon
241,89,4441.76,Madrid
242,81,1268.41,Sao Paulo
243,80,4090.47,Lisbon
244,17,3088.69,Lisbon
245,55,4600.94,Madrid
246,12,3069.69,Lisbon
247,32,1479.44,Rio
248,74,2546.2,Madrid
249,67,1286.91,Rio
250,83,2761.66,Sao Paulo
251,47,3473.61,Lisbon
252,8,4905.75,Madrid
253,67,2734.67,Lisbon
254,15,842.26,Rio
255,41,2556.94,Rio
256,44,1121.63,Rio
257,38,4425.43,Madrid
258,18,1845.61,Lisbon
259,15,4414.97,Lisbon
260,49,1908.66,Lisbon
261,22,4289.65,Madrid
262,7,2811.05,Sao Paulo
263,47,812.38,Rio
264,13,4379.04,Lisbon
265,13,349.1,Sao Paulo
266,32,1124.33,Lisbon
267,73,396.98,Madrid
268,58,666.61,Sao Paulo
269,86,1214.45,Rio
270,26,1473.95,Lisbon
271,42,2947.37,Madrid
272,96,889.07,Madrid
273,61,2551.7,Rio
274,95,2839.69,Lisbon
275,92,4386.02,Lisbon
276,17,4629.39,Rio
277,98,4962.64,Madrid
278,58,3194.59,Lisbon
279,34,2648.38,Rio
280,23,2143.51,Lisbon
281,90,4358.11,Lisbon
282,26,4615.29,Madrid
283,79,784.0,Lisbon
284,92,3311.55,Lisbon
285,84,3938.13,Madrid
286,59,91.59,Sao Paulo
287,80,1312.7,Lisbon
288,54,2042.81,Madrid
289,44,2851.37,Lisbon
290,49,4533.64,Lisbon
291,97,1086.04,Lisbon
292,74,1710.4,Madrid
293,94,4930.57,Rio
294,78,4100.68,Sao Paulo
295,96,2517.95,Lisbon
296,77,1612.67,Lisbon
297,78,2209.37,Sao Paulo
298,49,922.82,Madrid
299,7,3546.63,Lisbon
300,62,2632.36,Madrid
301,12,4296.16,Lisbon
302,18,1810.5,Rio
303,64,1725.21,Lisbon
304,46,131.46,Rio
305,91,2096.55,Madrid
306,90,1280.56,Lisbon
307,69,2973.49,Rio
308,54,1668.88,Sao Paulo
309,49,2726.57,Lisbon
310,81,2828.47,Madrid
311,71,2930.86,Lisbon
312,1,1060.78,Sao Paulo
313,91,4187.77,Lisbon
314,89,4012.61,Lisbon
315,61,809.12,Lisbon
316,54,3240.21,Sao Paulo
317,43,1239.82,Sao Paulo
318,38,4993.29,Madrid
319,64,4336.05,Rio
320,22,4924.34,Lisbon
321,70,263.98,Lisbon
322,66,533.48,Sao Paulo
323,16,1181.72,Rio
324,47,4238.79,Rio
325,94,571.38,Rio
326,34,1574.51,Rio
327,75,951.56,Madrid
328,1,3541.24,Lisbon
329,73,2391.02,Lisbon
330,77,4130.48,Sao Paulo
331,74,2696.85,Lisbon
332,69,1122.57,Rio
333,9,3051.41,Sao Paulo
334,30,4216.08,Rio
335,73,1898.9,Sao Paulo
336,38,1246.24,Lisbon
337,37,1890.12,Sao Paulo
338,37,4759.62,Madrid
339,93,3095.6,Sao Paulo
340,94,4760.33,Rio
341,60,2510.64,Madrid
342,17,2995.13,Rio
343,38,371.79,Rio
344,74,3389.89,Lisbon
345,60,2667.11,Madrid
346,88,2296.19,Lisbon
347,58,2816.4,Madrid
348,23,2945.71,Lisbon
349,100,4444.09,Lisbon
350,68,825.65,Madrid
351,48,2026.4,Lisbon
352,7,3041.52,Lisbon
353,6,2215.96,Lisbon
354,31,4706.12,Rio
355,94,3776.33,Sao Paulo
356,37,2202.66,Lisbon
357,39,2239.09,Lisbon
358,58,3143.31,Madrid
359,53,4257.93,Madrid
360,87,435.85,Madrid
361,88,4303.56,Sao Paulo
362,64,1612.75,Madrid
363,99,3426.03,Rio
364,84,4796.67,Lisbon
365,28,1931.23,Sao Paulo
366,37,3257.6,Rio
367,11,74.05,Madrid
368,56,4525.75,Lisbon
369,34,3419.07,Rio
370,16,562.91,Madrid
371,58,2547.67,Rio
372,33,4686.01,Sao Paulo
373,92,2391.24,Rio
374,21,848.01,Madrid
375,56,4312.21,Sao Paulo
376,10,3495.38,Sao Paulo
377,85,780.32,Lisbon
378,1,2608.91,Rio
379,45,2468.84,Rio
380,94,1053.29,Lisbon
381,8,1733.24,Lisbon
382,72,2556.4,Rio
383,47,4214.2,Madrid
384,24,4929.54,Rio
385,100,4349.63,Rio
386,45,4298.96,Rio
387,71,3101.72,Sao Paulo
388,32,3411.2,Sao Paulo
389,2,2406.95,Sao Paulo
390,44,160.97,Lisbon
391,7,3995.96,Rio
392,6,4624.86,Lisbon
393,56,4467.87,Madrid
394,50,2286.37,Lisbon
395,72,2281.95,Rio
396,53,531.42,Rio
397,31,1304.54,Madrid
398,72,1349.06,Madrid
399,26,4811.34,Lisbon
400,34,3831.76,Madrid
401,60,4725.76,Sao Paulo
402,56,2146.03,Rio
403,8,4655.93,Rio
404,43,1587.76,Madrid
405,89,4924.42,Lisbon
406,73,4641.7,Madrid
407,90,1983.52,Sao Paulo
408,61,4331.2,Lisbon
409,34,4198.62,Madrid
410,29,664.78,Lisbon
411,22,4921.43,Madrid
412,66,1926.23,Sao Paulo
413,40,2401.79,Lisbon
414,66,1522.27,Sao Paulo
415,85,1463.12,Madrid
416,95,1349.12,Madrid
417,91,4426.02,Madrid
418,49,3352.43,Sao Paulo
419,7,631.24,Lisbon
420,22,2510.07,Lisbon
421,40,4312.91,Lisbon
422,11,4692.9,Lisbon
423,38,4792.33,Sao Paulo
424,36,2460.57,Madrid
425,50,4364.17,Lisbon
426,60,4246.39,Madrid
427,20,118.41,Rio
428,17,4727.29,Madrid
429,89,4467.79,Rio
430,68,444.42,Madrid
431,69,4831.25,Lisbon
432,22,4097.94,Sao Paulo
433,20,4334.75,Lisbon
434,90,1160.89,Sao Paulo
435,97,194.42,Madrid
436,91,161.89,Madrid
437,82,4794.39,Madrid
438,31,240.58,Lisbon
439,87,4526.06,Sao Paulo
440,50,1105.22,Rio
441,60,1477.76,Madrid
442,70,4720.86,Sao Paulo
443,58,1986.3,Madrid
444,87,4451.13,Lisbon
445,24,403.81,Madrid
446,69,3016.79,Rio
447,39,1781.59,Madrid
448,16,1509.48,Rio
449,43,485.5,Madrid
450,38,1257.46,Rio
451,43,2679.45,Sao Paulo
452,10,2859.17,Rio
453,56,502.24,Rio
454,19,3584.58,Lisbon
455,38,4931.81,Lisbon
456,24,2131.42,Lisbon
457,3,707.43,Madrid
458,93,1433.84,Sao Paulo
459,80,2208.73,Sao Paulo
460,44,3491.36,Lisbon
461,92,4904.51,Rio
462,95,2493.51,Sao Paulo
463,47,1941.24,Rio
464,99,1401.67,Rio
465,62,4235.39,Rio
466,66,197.04,Sao Paulo
467,54,2417.25,Rio
468,4,3467.96,Sao Paulo
469,48,3952.84,Sao Paulo
470,4,4422.97,Sao Paulo
471,9,3277.52,Sao Paulo
472,14,2707.63,Lisbon
473,22,404.95,Madrid
474,49,4490.58,Madrid
475,65,4058.91,Rio
476,27,4189.37,Madrid
477,81,353.82,Lisbon
478,65,1784.01,Madrid
479,89,2778.56,Rio
480,38,213.33,Lisbon
481,16,3314.7,Lisbon
482,72,2548.52,Rio
483,21,4874.59,Sao Paulo
484,14,502.6,Sao Paulo
485,15,4631.76,Sao Paulo
486,100,4698.0,Sao Paulo
487,47,1275.95,Madrid
488,32,1325.83,Lisbon
489,86,2193.05,Rio
490,88,2291.56,Madrid
491,65,4318.7,Sao Paulo
492,87,3381.71,Sao Paulo
493,49,4147.79,Sao Paulo
494,38,4748.31,Rio
495,60,2869.91,Madrid
496,6,571.77,Rio
497,1,4776.43,Lisbon
498,15,2915.3,Lisbon
499,73,3654.63,Madrid
500,29,4537.24,Rio
501,87,4230.26,Lisbon
502,28,3895.5,Lisbon
503,48,2904.63,Madrid
504,5,4027.76,Rio
505,29,443.01,Rio
506,2,590.36,Lisbon
507,82,2070.8,Lisbon
508,73,256.99,Rio
509,14,1529.71,Madrid
510,66,294.76,Lisbon
511,29,4113.51,Sao Paulo
512,21,3907.39,Rio
513,81,4800.34,Rio
514,20,3763.46,Lisbon
515,24,2776.67,Sao Paulo
516,81,3189.65,Rio
517,80,2812.54,Madrid
518,67,2870.37,Sao Paulo
519,73,1845.08,Madrid
520,44,430.97,Sao Paulo
521,59,1316.46,Sao Paulo
522,33,306.69,Lisbon
523,20,2317.95,Lisbon
524,3,1959.85,Rio
525,75,338.94,Madrid
526,67,1750.84,Rio
527,25,4520.8,Sao Paulo
528,78,2715.6,Madrid
529,68,4034.09,Sao Paulo
530,100,3776.88,Madrid
531,79,4086.86,Madrid
532,27,1038.91,Rio
533,85,3692.87,Sao Paulo
534,11,1366.21,Rio
535,37,2219.07,Rio
536,12,3421.39,Sao Paulo
537,78,3219.0,Sao Paulo
538,90,790.12,Madrid
539,12,389.11,Lisbon
540,29,4210.75,Sao Paulo
541,99,3712.1,Madrid
542,98,4835.46,Lisbon
543,63,216.67,Madrid
544,42,2501.35,Rio
545,13,2419.47,Sao Paulo
546,95,3721.03,Madrid
547,98,4783.91,Sao Paulo
548,18,4448.16,Sao Paulo
549,27,4215.81,Madrid
550,76,2903.31,Madrid
551,4,1809.54,Rio
552,29,4600.45,Rio
553,65,4653.24,Madrid
554,83,2895.73,Rio
555,17,2550.85,Sao Paulo
556,61,449.28,Lisbon
557,48,1360.22,Rio
558,63,1193.73,Sao Paulo
559,89,1987.28,Madrid
560,34,1812.26,Lisbon
561,83,1843.8,Madrid
562,82,4269.28,Madrid
563,57,3690.44,Rio
564,2,3964.8,Rio
565,21,2693.41,Madrid
566,51,4279.07,Rio
567,72,3653.84,Lisbon
568,46,4903.04,Sao Paulo
569,15,1664.23,Lisbon
570,69,4474.53,Lisbon
571,75,2086.47,Rio
572,22,3551.79,Madrid
573,24,1672.93,Madrid
574,89,771.9,Rio
575,53,430.07,Rio
576,35,2376.3,Lisbon
577,63,1612.15,Rio
578,62,3402.5,Rio
579,16,4752.33,Madrid
580,90,3061.66,Lisbon
581,79,2630.58,Rio
582,18,2322.25,Madrid
583,51,3156.33,Sao Paulo
584,29,2433.05,Sao Paulo
585,94,2455.23,Madrid
586,61,4469.76,Lisbon
587,70,2043.14,Lisbon
588,79,410.31,Rio
589,69,2856.49,Sao Paulo
590,5,1498.38,Lisbon
591,67,3357.95,Sao Paulo
592,39,2359.95,Rio
593,38,3207.4,Sao Paulo
594,23,1327.2,Sao Paulo
595,64,1370.97,Sao Paulo
596,33,826.14,Sao Paulo
597,36,2461.23,Sao Paulo
598,11,1970.71,Rio
599,92,2907.3,Madrid
600,79,4073.43,Madrid
601,12,2679.74,Madrid
602,29,4698.1,Lisbon
603,12,3979.54,Rio
604,49,3014.97,Rio
605,26,1015.18,Rio
606,46,3099.19,Rio
607,99,3113.37,Madrid
608,4,2888.49,Rio
609,25,4339.58,Rio
610,75,449.64,Madrid
611,18,2059.49,Sao Paulo
612,67,4133.03,Madrid
613,92,4054.4,Sao Paulo
614,66,2435.34,Lisbon
615,13,272.82,Sao Paulo
616,95,3933.53,Rio
617,14,2286.59,Madrid
618,17,3269.0,Rio
619,69,522.82,Sao Paulo
620,68,3891.19,Sao Paulo
621,72,240.27,Lisbon
622,9,3062.08,Madrid
623,32,1734.56,Rio
624,100,2229.68,Madrid
625,6,2950.15,Madrid
626,21,4306.1,Lisbon
627,85,2976.93,Rio
628,87,3533.14,Sao Paulo
629,95,908.94,Rio
630,7,4138.91,Rio
631,39,4346.07,Lisbon
632,48,1924.72,Madrid
633,45,405.17,Madrid
1,60,1767.67,Madrid
2,71,878.48,Madrid
3,97,1245.2,Rio
4,42,1426.22,Unknown
5,67,3420.14,Rio
6,5,1821.65,Rio
7,11,4418.54,Rio
8,85,1228.2,Madrid
9,32,3103.11,Rio
10,34,1755.79,Rio
11,57,1861.34,Lisbon
12,89,1666.29,Rio
13,8,604.39,Madrid
14,1,3862.72,Madrid
15,62,226.73,Madrid
16,52,912.24,Madrid
17,98,4126.79,Unknown
18,91,4723.62,Lisbon
19,72,4665.92,Lisbon
20,94,4390.04,Unknown
21,13,3711.77,Madrid
22,63,3718.4,Unknown
23,76,4470.89,Madrid
24,93,955.98,Rio
25,75,320.71,Unknown
26,32,3148.34,Unknown
27,74,4583.15,Unknown
28,3,3091.35,Madrid
29,43,3424.63,Madrid
30,90,4558.95,Madrid
31,49,1381.63,Lisbon
32,62,2502.1,Unknown
33,3,608.43,Sao Paulo
34,75,4077.14,Lisbon
35,84,2765.51,Lisbon
36,18,4416.08,Unknown
37,16,3439.54,Rio
38,33,4979.51,Lisbon
39,11,1842.9,Sao Paulo
40,37,1817.11,Unknown
41,95,3421.43,Rio
42,19,1213.88,Sao Paulo
43,98,3965.92,Rio
44,40,4847.86,Rio
45,38,1114.68,Sao Paulo
46,48,4355.67,Sao Paulo
47,88,629.51,Rio
48,33,2694.88,Madrid
49,43,4561.32,Madrid
50,34,3227.76,Rio
51,88,60.44,Madrid
52,51,713.67,Lisbon
53,68,4048.23,Unknown
54,87,624.21,Madrid
55,67,2341.82,Unknown
56,27,1381.43,Sao Paulo
57,74,1147.17,Madrid
58,16,4130.93,Lisbon
59,42,3877.48,Madrid
60,51,50.55,Sao Paulo
61,61,4024.94,Rio
62,18,2409.11,Madrid
63,2,3721.38,Unknown
64,58,4859.84,Unknown
65,98,2964.44,Unknown
66,46,3703.86,Sao Paulo
67,15,790.68,Rio
68,57,1217.7,Lisbon
69,67,4184.43,Sao Paulo
70,58,633.99,Madrid
71,83,3785.52,Sao Paulo
72,50,118.44,Unknown
73,17,4862.26,Lisbon
74,51,4244.3,Madrid
75,31,4533.12,Lisbon
76,6,2729.08,Lisbon
77,93,15.42,Lisbon
78,91,3152.78,Lisbon
79,85,2005.08,Sao Paulo
80,38,2200.32,Rio
81,23,4598.9,Rio
82,47,389.27,Sao Paulo
83,82,3608.51,Rio
84,79,3242.14,Unknown
85,13,2063.31,Lisbon
86,59,2508.89,Sao Paulo
87,36,388.52,Rio
88,4,4573.78,Lisbon
89,90,2425.33,Lisbon
90,4,3504.07,Unknown
91,23,3500.44,Sao Paulo
92,71,4322.95,Rio
93,52,3660.94,Sao Paulo
94,38,2095.74,Madrid
95,58,3057.45,Sao Paulo
96,16,195.03,Madrid
97,55,2500.58,Rio
98,74,68.68,Rio
99,14,4699.85,Lisbon
100,67,4901.25,Lisbon
101,61,4409.01,Rio
102,64,3675.7,Sao Paulo
103,31,1912.58,Unknown
104,43,854.17,Sao Paulo
105,5,2774.89,Rio
106,95,2523.01,Unknown
107,83,2961.45,Rio
108,45,1803.95,Rio
109,79,3312.68,Madrid
110,67,2844.76,Sao Paulo
111,44,2788.54,Rio
112,66,1885.93,Sao Paulo
113,65,1834.19,Rio
114,90,1633.24,Madrid
115,65,2028.69,Unknown
116,47,4893.19,Madrid
117,40,1090.98,Unknown
118,2,4236.25,Rio
119,18,1434.83,Rio
120,91,2274.83,Sao Paulo
121,48,146.71,Unknown
122,39,2813.81,Rio
123,57,4267.03,Madrid
124,49,3201.25,Unknown
125,69,449.29,Madrid
126,70,2228.0,Unknown
127,43,1821.32,Unknown
128,18,4728.51,Lisbon
129,33,3934.47,Madrid
130,45,2116.73,Madrid
131,17,4644.66,Rio
132,98,3194.26,Madrid
133,40,3600.57,Sao Paulo
134,18,3295.33,Sao Paulo
135,96,3214.44,Rio
136,66,3059.68,Madrid
137,56,247.27,Lisbon
138,22,1938.7,Rio
139,1,3176.94,Madrid
140,68,1185.03,Rio
141,82,4488.33,Unknown
142,43,1656.7,Lisbon
143,84,2845.21,Madrid
144,96,4577.65,Lisbon
145,69,4949.12,Madrid
146,45,1758.29,Lisbon
147,92,3329.5,Lisbon
148,12,2299.92,Lisbon
149,65,2401.26,Unknown
150,66,4899.92,Madrid
151,42,4731.24,Rio
152,9,4415.74,Rio
153,66,2030.04,Unknown
154,56,1395.74,Unknown
155,74,26.65,Lisbon
156,84,1163.69,Lisbon
157,83,578.14,Rio
158,65,3043.66,Madrid
159,8,348.41,Rio
160,51,1287.72,Lisbon
161,81,1386.54,Rio
162,99,2484.91,Madrid
163,43,3129.51,Sao Paulo
164,41,1140.47,Lisbon
165,84,1395.11,Sao Paulo
166,95,3996.67,Rio
167,96,4877.72,Lisbon
168,43,2367.4,Rio
169,61,4700.33,Rio
170,42,4183.18,Madrid
171,35,1989.32,Madrid
172,35,2123.77,Sao Paulo
173,90,4174.95,Madrid
174,20,1247.3,Lisbon
175,56,3810.71,Sao Paulo
176,40,4167.82,Sao Paulo
177,13,4268.75,Sao Paulo
178,36,3416.05,Unknown
179,42,2896.41,Sao Paulo
180,24,4497.62,Madrid
181,20,4469.57,Sao Paulo
182,72,3688.43,Madrid
183,33,2749.76,Lisbon
184,72,2705.63,Sao Paulo
185,68,3774.73,Madrid
186,18,2436.65,Unknown
187,90,704.76,Madrid
188,6,1735.4,Lisbon
189,30,3046.4,Rio
190,21,2162.3,Sao Paulo
191,75,1245.13,Sao Paulo
192,82,4472.79,Sao Paulo
193,39,4675.12,Madrid
194,84,2409.75,Madrid
195,96,915.27,Lisbon
196,81,3027.7,Lisbon
197,11,3415.82,Unknown
198,42,958.63,Lisbon
199,15,2452.74,Madrid
200,36,3810.65,Rio
201,5,3572.03,Rio
202,12,1414.25,Madrid
203,57,4301.72,Unknown
204,38,2013.23,Sao Paulo
205,12,4900.34,Sao Paulo
206,52,4392.78,Rio
207,9,2586.58,Rio
208,43,2659.55,Unknown
209,68,2027.83,Lisbon
210,91,1853.99,Unknown
211,92,1608.61,Unknown
212,97,153.51,Rio
213,9,604.03,Rio
214,1,287.62,Madrid
215,92,4778.81,Madrid
216,87,538.11,Unknown
217,54,1126.05,Lisbon
218,62,3956.27,Madrid
219,38,3708.14,Sao Paulo
220,15,2176.15,Sao Paulo
221,39,4861.29,Madrid
222,56,4673.52,Sao Paulo
223,69,3472.99,Unknown
224,43,655.8,Madrid
225,11,471.12,Lisbon
226,38,1261.71,Madrid
227,37,476.38,Sao Paulo
228,73,1926.66,Sao Paulo
229,89,1860.79,Unknown
230,14,744.85,Unknown
231,23,3023.23,Madrid
232,74,1406.92,Sao Paulo
233,7,1594.28,Madrid
234,37,3231.07,Rio
235,1,4142.75,Lisbon
236,38,4219.29,Madrid
237,63,1238.18,Madrid
238,29,3393.4,Madrid
239,41,4934.03,Rio
240,34,1032.6,Lisbon
241,74,2687.97,Madrid
242,99,581.59,Lisbon
243,45,3763.24,Madrid
244,58,828.59,Madrid
245,52,1557.03,Sao Paulo
246,81,4089.65,Lisbon
247,32,2516.86,Unknown
248,44,2318.69,Unknown
249,18,4621.66,Unknown
250,64,1210.37,Sao Paulo
251,52,3777.4,Sao Paulo
252,96,2902.08,Lisbon
253,29,1994.4,Rio
254,33,1217.35,Lisbon
255,86,3271.99,Sao Paulo
256,4,4517.31,Madrid
257,51,1590.19,Unknown
258,58,1710.07,Rio
259,92,3444.7,Madrid
260,49,1850.69,Sao Paulo
261,77,3578.02,Unknown
262,44,2919.45,Rio
263,27,2078.25,Unknown
264,77,1754.07,Rio
265,3,4023.01,Madrid
266,44,2876.46,Sao Paulo
267,85,588.58,Rio
268,76,3860.39,Madrid
269,50,3563.9,Sao Paulo
270,21,2189.11,Sao Paulo
271,9,2834.72,Unknown
272,64,3177.98,Unknown
273,57,2154.18,Sao Paulo
274,76,838.67,Madrid
275,40,1208.37,Unknown
276,37,2420.01,Unknown
277,62,1971.87,Madrid
278,63,3097.06,Rio
279,48,3388.36,Madrid
280,72,1332.36,Sao Paulo
281,55,2170.52,Unknown
282,48,3933.52,Lisbon
283,98,3961.15,Sao Paulo
284,98,739.66,Madrid
285,67,2546.69,Lisbon
286,61,2816.45,Madrid
287,8,2538.14,Madrid
288,79,2666.75,Rio
289,96,1484.81,Lisbon
290,39,4740.35,Unknown
291,75,3421.23,Lisbon
292,61,2047.98,Unknown
293,56,2374.51,Madrid
294,36,2460.62,Madrid
295,79,1133.53,Rio
296,24,4072.03,Rio
297,39,3061.42,Sao Paulo
298,76,2945.51,Rio
299,24,3350.58,Lisbon
300,46,3317.57,Lisbon
301,67,2262.13,Madrid
302,51,2507.35,Lisbon
303,64,4978.45,Rio
304,56,2210.21,Unknown
305,32,3421.05,Unknown
306,100,3680.26,Lisbon
307,18,2175.49,Unknown
308,59,1278.91,Sao Paulo
309,96,1063.02,Sao Paulo
310,92,2553.31,Lisbon
311,52,2572.39,Rio
312,15,1436.91,Sao Paulo
313,25,991.6,Sao Paulo
314,27,1023.67,Lisbon
315,99,424.93,Lisbon
316,98,4067.66,Madrid
317,58,229.73,Lisbon
318,28,1367.46,Lisbon
319,92,3257.54,Rio
320,14,4426.45,Unknown
321,58,2825.07,Lisbon
322,42,1566.78,Unknown
323,92,2615.96,Rio
324,20,2961.87,Sao Paulo
325,26,1477.88,Madrid
326,3,461.45,Rio
327,64,435.07,Unknown
328,5,3983.8,Lisbon
329,49,3064.04,Unknown
330,5,3167.13,Rio
331,61,844.98,Unknown
332,73,903.71,Sao Paulo
333,56,1502.73,Unknown
334,73,3465.4,Sao Paulo
335,16,2077.45,Lisbon
336,12,1420.14,Madrid
337,50,924.86,Rio
338,69,773.72,Unknown
339,22,2246.61,Rio
340,72,2419.54,Lisbon
341,3,344.44,Lisbon
342,72,182.76,Lisbon
343,22,1990.99,Madrid
344,52,4339.51,Sao Paulo
345,80,4768.01,Unknown
346,37,3725.76,Rio
347,71,4710.12,Lisbon
348,8,2686.94,Rio
349,9,2912.23,Unknown
350,52,1048.89,Rio
351,49,3551.67,Rio
352,27,400.21,Lisbon
353,27,1699.6,Sao Paulo
354,11,4729.41,Lisbon
355,27,3781.47,Madrid
356,96,1598.76,Rio
357,88,1534.19,Sao Paulo
358,2,1951.67,Lisbon
359,38,4948.53,Sao Paulo
360,46,2427.09,Rio
361,78,3104.83,Sao Paulo
362,75,4797.38,Rio
363,21,2352.1,Lisbon
364,74,1257.86,Lisbon
365,61,4444.76,Lisbon
366,41,674.12,Lisbon
367,99,1993.64,Rio
368,4,4904.2,Sao Paulo
369,77,1831.17,Sao Paulo
370,33,3218.17,Madrid
371,5,3985.94,Unknown
372,30,3533.14,Lisbon
373,9,4971.61,Lisbon
374,57,1968.27,Sao Paulo
375,7,4663.54,Unknown
376,54,3022.58,Unknown
377,23,101.91,Sao Paulo
378,29,1470.36,Madrid
379,13,978.61,Sao Paulo
380,72,3144.15,Rio
381,79,4468.55,Madrid
382,47,3898.93,Unknown
383,93,1457.8,Unknown
384,8,1816.67,Unknown
385,18,775.3,Unknown
386,94,925.1,Unknown
387,57,4211.14,Lisbon
388,43,1125.11,Madrid
389,51,3611.52,Unknown
390,31,3835.39,Sao Paulo
391,51,4853.64,Rio
392,72,862.53,Rio
393,64,393.08,Rio
394,51,2954.03,Rio
395,37,3132.84,Rio
396,29,2560.12,Madrid
397,54,1649.41,Sao Paulo
398,41,888.12,Rio
399,27,135.67,Lisbon
400,55,2184.49,Lisbon
401,77,1009.57,Rio
402,95,680.74,Rio
403,11,4404.19,Rio
404,17,1562.2,Rio
405,54,991.62,Unknown
406,7,1229.05,Madrid
407,5,723.14,Rio
408,24,1377.54,Lisbon
409,27,2519.93,Rio
410,13,4771.22,Madrid
411,59,390.77,Rio
412,36,212.58,Rio
413,49,813.43,Madrid
414,83,2566.23,Madrid
415,16,3498.2,Unknown
416,37,234.36,Sao Paulo
417,93,559.6,Lisbon
418,64,4408.62,Unknown
419,93,925.47,Unknown
420,63,34.23,Unknown
421,56,2981.3,Lisbon
422,90,291.09,Rio
423,65,2186.21,Lisbon
424,73,3402.26,Lisbon
425,45,4388.17,Lisbon
426,13,2141.05,Unknown
427,37,3432.07,Sao Paulo
428,87,948.58,Sao Paulo
429,43,4293.25,Unknown
430,60,58.77,Lisbon
431,84,344.39,Sao Paulo
432,28,3735.86,Madrid
433,63,3693.43,Madrid
434,88,3702.47,Rio
435,27,1665.9,Madrid
436,79,1565.44,Sao Paulo
437,73,3321.58,Rio
438,88,2894.71,Lisbon
439,89,1549.02,Unknown
440,1,4270.21,Unknown
441,37,1104.97,Madrid
442,19,3814.02,Madrid
443,13,2537.03,Unknown
444,56,2191.24,Sao Paulo
445,18,4124.41,Madrid
446,6,1971.36,Lisbon
447,1,3022.55,Madrid
448,1,4147.53,Rio
449,95,1389.44,Sao Paulo
450,10,4162.81,Rio
451,81,4646.95,Lisbon
452,92,4741.8,Lisbon
453,52,829.63,Rio
454,68,2354.87,Unknown
455,89,2286.96,Lisbon
456,73,1714.1,Madrid
457,71,3601.91,Unknown
458,86,1333.95,Lisbon
459,15,416.87,Madrid
460,93,2264.59,Rio
461,34,955.16,Rio
462,54,2421.65,Madrid
463,96,1249.39,Rio
464,35,3660.26,Rio
465,3,3712.23,Sao Paulo
466,54,3969.17,Lisbon
467,100,181.9,Lisbon
468,48,1015.64,Sao Paulo
469,90,3808.0,Unknown
470,50,350.92,Sao Paulo
471,96,4941.11,Unknown
472,21,3069.36,Unknown
473,64,2965.93,Sao Paulo
474,94,1477.29,Rio
475,40,1498.39,Rio
476,86,3306.28,Lisbon
477,36,3162.44,Lisbon
478,85,316.67,Madrid
479,94,3819.57,Lisbon
480,39,830.65,Sao Paulo
481,9,284.05,Rio
482,27,4463.65,Madrid
483,67,1536.83,Sao Paulo
484,3,585.55,Unknown
485,14,1389.96,Madrid
486,52,3401.61,Lisbon
487,51,3844.02,Unknown
488,55,3230.67,Sao Paulo
489,13,4243.82,Madrid
490,21,4947.9,Rio
491,10,1161.47,Rio
492,94,291.67,Rio
493,26,4975.86,Sao Paulo
494,25,1199.43,Lisbon
495,35,3594.85,Madrid
496,17,3434.68,Sao Paulo
497,32,4163.82,Madrid
498,73,1847.6,Madrid
499,15,4443.67,Madrid
500,98,4242.82,Rio
501,66,2694.63,Sao Paulo
502,99,4162.9,Sao Paulo
503,100,3490.36,Madrid
504,8,4771.22,Unknown
505,19,1487.55,Madrid
506,71,4447.13,Madrid
507,61,1472.29,Rio
508,22,2871.31,Unknown
509,100,4701.78,Unknown
510,44,3936.71,Unknown
511,83,3485.93,Sao Paulo
512,44,1615.49,Unknown
513,56,3059.06,Sao Paulo
514,45,3351.57,Unknown
515,51,2807.7,Unknown
516,61,2457.43,Madrid
517,42,2841.39,Rio
518,56,1441.55,Madrid
519,7,1664.29,Madrid
520,82,2074.55,Rio
521,30,3847.08,Unknown
522,33,342.69,Madrid
523,38,432.6,Unknown
524,52,1358.58,Madrid
525,94,2942.11,Rio
526,40,1453.52,Sao Paulo
527,38,2707.71,Unknown
528,57,1876.02,Sao Paulo
529,73,1447.47,Sao Paulo
530,81,1809.57,Rio
531,44,3231.9,Lisbon
532,13,2218.45,Lisbon
533,51,733.33,Unknown
534,72,4902.2,Sao Paulo
535,13,4854.74,Rio
536,62,465.52,Sao Paulo
537,16,2546.47,Lisbon
538,22,1427.07,Madrid
539,91,1949.82,Rio
540,4,3761.7,Rio
541,76,4098.16,Rio
542,55,796.7,Lisbon
543,21,1943.05,Sao Paulo
544,64,530.12,Rio
545,91,4290.57,Madrid
546,31,2555.99,Rio
547,24,73.89,Sao Paulo
548,38,3693.98,Lisbon
549,30,1791.2,Rio
550,30,1003.22,Rio
551,60,4914.14,Madrid
552,97,3411.99,Sao Paulo
553,88,3075.81,Sao Paulo
554,47,3457.27,Lisbon
555,12,954.51,Unknown
556,13,2890.15,Rio
557,83,887.63,Sao Paulo
558,50,2647.99,Sao Paulo
559,25,1330.42,Sao Paulo
560,32,845.35,Lisbon
561,40,1885.48,Rio
562,9,1187.02,Lisbon
563,36,4171.95,Unknown
564,28,3984.84,Lisbon
565,53,1866.86,Lisbon
566,84,3752.95,Sao Paulo
567,51,1675.68,Lisbon
568,11,2869.57,Lisbon
569,8,3081.77,Unknown
570,65,4492.82,Madrid
571,21,352.13,Unknown
572,90,1463.25,Madrid
573,27,2767.94,Rio
574,46,3375.62,Sao Paulo
575,62,4716.23,Rio
576,88,2951.2,Lisbon
577,86,1514.15,Lisbon
578,66,833.0,Unknown
579,93,576.41,Sao Paulo
580,38,829.2,Lisbon
581,72,227.89,Lisbon
582,77,2118.18,Sao Paulo
583,48,2039.57,Madrid
584,23,2810.84,Unknown
585,19,3273.88,Madrid
586,90,2532.01,Lisbon
587,5,2172.59,Lisbon
588,43,2707.98,Sao Paulo
589,69,1037.51,Rio
590,34,2733.35,Sao Paulo
591,59,1121.3,Rio
592,51,406.07,Rio
593,72,4210.62,Rio
594,95,2656.91,Unknown
595,62,1806.58,Sao Paulo
596,35,1250.57,Rio
597,89,2290.32,Lisbon
598,18,2990.53,Rio
599,25,3754.01,Rio
600,15,4738.62,Rio
601,36,132.11,Sao Paulo
602,83,4859.49,Madrid
603,71,2894.24,Lisbon
604,47,4103.32,Unknown
605,94,1743.76,Rio
606,62,233.92,Lisbon
607,35,3757.73,Madrid
608,5,3380.67,Lisbon
609,89,839.3,Unknown
610,48,745.95,Lisbon
611,4,503.19,Madrid
612,29,1378.77,Rio
613,12,412.8,Unknown
614,54,518.74,Rio
615,30,1537.39,Lisbon
616,69,66.36,Unknown
617,68,4458.76,Lisbon
618,97,237.2,Madrid
619,15,1335.44,Unknown
620,80,4375.77,Sao Paulo
621,31,2110.63,Sao Paulo
622,32,859.23,Madrid
623,16,1478.34,Rio
624,25,3512.74,Lisbon
625,10,2194.63,Rio
626,26,4300.92,Madrid
627,14,3440.76,Sao Paulo
628,43,635.67,Sao Paulo
629,96,3726.17,Madrid
630,70,3788.44,Lisbon
631,29,126.66,Madrid
632,42,566.51,Unknown
633,35,1267.28,Unknown
634,28,4334.75,Madrid
635,25,156.36,Lisbon
636,64,3115.35,Madrid
637,95,1389.01,Lisbon
638,81,4065.88,Sao Paulo
639,71,2101.53,Rio
640,8,3377.71,Madrid
641,79,1729.08,Lisbon
642,65,3734.34,Sao Paulo
643,12,3443.6,Madrid
644,62,3008.26,Rio
645,42,2370.15,Unknown
646,79,2966.11,Madrid
647,77,593.97,Madrid
648,24,3904.05,Unknown
649,12,3881.5,Lisbon
650,87,1768.98,Unknown
651,32,935.69,Sao Paulo
652,24,4484.89,Madrid
653,5,4050.51,Unknown
654,8,3250.03,Lisbon
655,73,3199.43,Madrid
656,18,3714.45,Unknown
657,61,965.17,Rio
658,82,4931.96,Lisbon
659,57,919.05,Madrid
660,46,3644.64,Lisbon
661,96,505.71,Lisbon
662,15,2145.48,Rio
663,77,2992.54,Lisbon
664,65,763.66,Rio
665,80,3464.58,Rio
666,35,4818.19,Unknown
667,14,4323.27,Rio
668,52,181.82,Lisbon
669,62,435.75,Rio
670,57,616.3,Sao Paulo
671,59,570.25,Rio
672,78,1455.69,Unknown
673,8,792.57,Madrid
674,77,53.81,Madrid
675,28,3912.43,Rio
676,57,3408.09,Rio
677,3,1224.64,Lisbon
678,64,2974.72,Lisbon
679,86,1764.81,Sao Paulo
680,33,2905.59,Sao Paulo
681,14,1992.12,Madrid
682,89,581.46,Rio
683,19,4087.92,Sao Paulo
684,23,3766.61,Lisbon
685,74,4196.35,Rio
686,51,549.64,Lisbon
687,82,1710.67,Unknown
688,70,4838.31,Sao Paulo
689,20,2691.57,Lisbon
690,75,3734.6,Rio
691,87,1756.11,Sao Paulo
692,2,4701.98,Madrid
693,99,1485.93,Madrid
694,6,1274.13,Lisbon
695,22,4923.53,Sao Paulo
696,35,732.44,Lisbon
697,30,1978.15,Unknown
698,14,1228.5,Madrid
699,96,3158.34,Sao Paulo
700,73,199.14,Madrid
701,83,3336.09,Lisbon
702,83,1071.7,Lisbon
703,65,246.84,Madrid
704,16,1905.15,Rio
705,17,4065.21,Lisbon
706,5,3343.43,Rio
707,88,3526.31,Rio
708,51,4581.53,Lisbon
709,19,4377.05,Madrid
710,79,1811.65,Madrid
711,32,4512.31,Rio
712,10,2294.86,Lisbon
713,93,439.53,Madrid
714,84,4157.32,Madrid
715,66,4472.48,Lisbon
716,17,2941.44,Lisbon
717,29,3029.76,Rio
718,20,3092.38,Unknown
719,70,758.14,Sao Paulo
720,12,2209.32,Rio
721,90,2359.08,Sao Paulo
722,73,3204.61,Rio
723,39,699.86,Lisbon
724,64,4012.57,Sao Paulo
725,85,1595.32,Unknown
726,37,4257.39,Unknown
727,79,227.53,Unknown
728,25,1590.02,Sao Paulo
729,66,725.75,Lisbon
730,20,1612.82,Lisbon
731,12,1400.77,Unknown
732,73,4660.02,Sao Paulo
733,15,3481.72,Unknown
734,15,3733.31,Madrid
735,46,2440.17,Sao Paulo
736,80,2274.61,Unknown
737,23,1799.02,Madrid
738,25,4307.54,Madrid
739,21,4055.08,Sao Paulo
740,89,4549.48,Unknown
741,92,1279.01,Unknown
742,78,4387.93,Sao Paulo
743,66,3954.33,Rio
744,75,2687.57,Unknown
745,50,4499.51,Unknown
746,75,4846.73,Rio
747,63,4340.3,Lisbon
748,29,332.56,Rio
749,49,646.08,Unknown
750,23,4077.51,Rio
751,64,3483.79,Sao Paulo
752,17,1517.11,Rio
753,81,4416.63,Rio
754,27,532.18,Rio
755,99,2719.56,Sao Paulo
756,87,2521.96,Lisbon
757,55,1648.28,Madrid
758,67,4953.91,Madrid
759,63,4831.0,Sao Paulo
760,47,1973.23,Rio
761,82,4693.5,Rio
762,97,1649.59,Unknown
763,53,3023.95,Unknown
764,87,4087.17,Madrid
765,98,2439.86,Madrid
766,16,1218.94,Unknown
767,16,4991.2,Lisbon
768,30,2166.37,Unknown
769,17,2969.66,Madrid
770,99,2068.77,Madrid
771,4,1388.6,Unknown
772,64,4053.51,Rio
773,44,1124.2,Madrid
774,59,1645.51,Rio
775,73,548.55,Madrid
776,100,2445.55,Madrid
777,26,3563.2,Rio
778,52,4508.01,Madrid
779,90,1485.38,Sao Paulo
780,35,2774.2,Unknown
781,49,99.31,Sao Paulo
782,86,4845.68,Lisbon
783,77,2987.84,Madrid
784,77,1366.78,Sao Paulo
785,42,3099.05,Sao Paulo
786,32,3768.71,Madrid
787,97,4609.65,Rio
788,57,4596.68,Rio
789,21,1806.74,Rio
790,73,4527.58,Rio
791,56,4359.95,Unknown
792,17,1308.26,Madrid
793,51,3475.54,Sao Paulo
794,37,1283.18,Unknown
795,39,1744.41,Rio
796,69,3517.22,Unknown
797,2,2381.49,Unknown
798,15,1413.91,Unknown
799,66,2941.48,Rio
800,45,2358.98,Sao Paulo
801,54,4980.0,Sao Paulo
802,44,2312.5,Rio
803,39,3799.37,Lisbon
804,84,2548.51,Lisbon
805,72,3475.53,Rio
806,42,687.15,Madrid
807,87,3094.2,Lisbon
808,44,1435.78,Sao Paulo
809,20,2496.7,Unknown
810,44,3146.07,Madrid
811,14,3078.47,Sao Paulo
812,85,1014.72,Lisbon
813,52,3219.64,Sao Paulo
814,87,3834.21,Sao Paulo
815,78,3294.62,Madrid
816,17,678.15,Madrid
817,77,4247.13,Sao Paulo
818,97,3890.48,Madrid
819,27,1864.24,Rio
820,87,4826.68,Rio
821,31,3814.92,Madrid
822,100,4498.17,Rio
823,59,2044.88,Rio
824,58,1806.25,Sao Paulo
825,92,4251.69,Lisbon
826,8,589.05,Madrid
827,1,1985.87,Unknown
828,91,3534.82,Madrid
829,15,2332.31,Madrid
830,26,3044.93,Madrid
831,2,2004.07,Lisbon
832,89,4652.51,Sao Paulo
833,91,2574.86,Sao Paulo
834,90,12.42,Lisbon
835,48,4098.46,Unknown
836,45,1969.27,Sao Paulo
837,76,3159.74,Unknown
838,18,1598.92,Madrid
839,83,4913.98,Lisbon
840,54,3509.18,Rio
841,21,3087.07,Lisbon
842,23,3450.66,Sao Paulo
843,38,1018.78,Madrid
844,97,3566.65,Rio
845,67,2365.89,Rio
846,19,2427.55,Rio
847,98,4916.99,Lisbon
848,85,2180.89,Lisbon
849,39,211.88,Madrid
850,13,4063.96,Madrid
851,75,4997.88,Rio
852,1,1610.12,Rio
853,43,1320.84,Lisbon
854,1,400.91,Sao Paulo
855,75,2900.22,Rio
856,7,2660.22,Sao Paulo
857,7,3419.12,Unknown
858,84,2919.47,Sao Paulo
859,88,2202.07,Madrid
860,46,2623.55,Sao Paulo
861,72,4732.88,Rio
862,17,1122.66,Unknown
863,67,4083.07,Madrid
864,86,2362.9,Sao Paulo
865,29,1221.01,Sao Paulo
866,7,1146.8,Madrid
867,84,4438.58,Lisbon
868,11,1568.17,Madrid
869,80,404.06,Rio
870,44,4226.81,Rio
871,94,674.12,Sao Paulo
872,56,2415.32,Madrid
873,99,87.55,Madrid
874,29,2473.23,Sao Paulo
875,76,2333.69,Lisbon
876,61,1536.51,Unknown
877,18,1680.96,Rio
878,46,1906.18,Unknown
879,63,4169.8,Madrid
880,96,2830.64,Lisbon
881,32,1772.18,Rio
882,18,2531.26,Unknown
883,61,1045.71,Rio
884,33,3610.99,Sao Paulo
885,77,1999.59,Madrid
886,55,4397.87,Rio
887,14,4084.98,Unknown
888,82,3851.12,Rio
889,52,2026.19,Rio
890,55,4369.69,Rio
891,35,3122.0,Unknown
892,4,1734.08,Sao Paulo
893,38,1463.6,Madrid
894,48,3682.58,Madrid
895,92,524.97,Unknown
896,9,3229.2,Sao Paulo
897,36,4093.06,Sao Paulo
898,83,3797.57,Rio
899,49,4835.83,Rio
900,27,3016.56,Sao Paulo
901,73,2536.25,Unknown
902,25,3103.17,Unknown
903,17,162.85,Unknown
904,4,2101.0,Madrid
905,15,1789.3,Unknown
906,18,1507.26,Sao Paulo
907,31,2492.88,Unknown
908,87,2112.1,Sao Paulo
909,30,4763.15,Lisbon
910,59,170.04,Sao Paulo
911,12,1265.11,Madrid
912,42,2794.01,Unknown
913,33,3486.68,Rio
914,91,767.23,Unknown
915,95,2128.69,Lisbon
916,35,3684.67,Sao Paulo
917,66,1970.24,Lisbon
918,46,2443.44,Sao Paulo
919,66,2297.14,Lisbon
920,54,2149.61,Madrid
921,32,502.05,Unknown
922,17,3815.72,Lisbon
923,98,1875.36,Madrid
924,10,4841.32,Madrid
925,39,2785.28,Madrid
926,89,553.82,Rio
927,69,3702.36,Sao Paulo
928,82,3519.81,Unknown
929,69,246.58,Sao Paulo
930,10,1773.31,Lisbon
931,39,138.67,Sao Paulo
932,97,171.47,Rio
933,11,658.75,Madrid
934,52,1638.26,Lisbon
935,30,81.27,Unknown
936,19,253.57,Sao Paulo
937,59,303.76,Unknown
938,13,1550.64,Sao Paulo
939,39,21.28,Rio
1,91,4629.15,Lisbon
2,89,1379.3,Unknown
3,10,1732.66,Lisbon
4,68,4711.36,Unknown
5,88,4939.54,Sao Paulo
6,56,4388.63,Lisbon
7,56,211.47,Unknown
8,1,283.39,Madrid
9,82,3638.65,Rio
10,53,3583.4,Rio
11,25,1174.73,Madrid
12,8,3792.77,Madrid
13,43,702.36,Lisbon
14,94,147.35,Rio
15,86,1527.33,Unknown
16,19,3039.22,Lisbon
17,47,2672.03,Madrid
18,32,3270.3,Rio
19,6,1168.64,Sao Paulo
20,21,1099.9,Madrid
21,94,2585.24,Lisbon
22,35,872.78,Rio
23,31,2139.65,Rio
24,44,2608.34,Sao Paulo
25,72,1508.62,Sao Paulo
26,70,3754.17,Lisbon
27,100,273.82,Sao Paulo
28,78,3063.41,Lisbon
29,89,2557.85,Lisbon
30,80,1072.18,Madrid
31,46,2985.43,Unknown
32,88,1495.95,Rio
33,86,3839.44,Madrid
34,41,3709.5,Rio
35,66,10.36,Unknown
36,77,3195.5,Unknown
37,15,398.16,Unknown
38,48,1082.99,Lisbon
39,6,1182.45,Sao Paulo
40,87,3113.11,Rio
41,92,4054.27,Unknown
42,97,2680.67,Rio
43,19,3744.26,Madrid
44,78,484.77,Rio
45,8,963.4,Sao Paulo
46,87,3202.79,Sao Paulo
47,58,545.58,Sao Paulo
48,27,365.37,Rio
49,95,3088.03,Rio
50,59,637.87,Lisbon
51,71,4201.82,Lisbon
52,92,1068.77,Madrid
53,30,2189.07,Rio
54,17,1243.72,Unknown
55,12,3325.75,Sao Paulo
56,6,1731.7,Sao Paulo
57,52,3292.14,Sao Paulo
58,16,940.13,Sao Paulo
59,93,2922.58,Unknown
60,68,4901.78,Unknown
61,100,1087.72,Madrid
62,60,887.09,Lisbon
63,80,2075.81,Sao Paulo
64,70,2447.58,Sao Paulo
65,8,1707.01,Rio
66,58,3695.31,Unknown
67,88,1172.45,Madrid
68,51,2307.33,Sao Paulo
69,77,3151.55,Lisbon
70,78,981.51,Rio
71,73,4083.85,Madrid
72,52,2441.3,Lisbon
73,59,3801.11,Madrid
74,13,3001.49,Sao Paulo
75,90,2406.83,Lisbon
76,39,3930.28,Sao Paulo
77,22,36.63,Madrid
78,47,222.13,Sao Paulo
79,47,1762.37,Madrid
80,46,1976.5,Sao Paulo
81,99,12.85,Lisbon
82,25,4537.45,Madrid
83,16,1949.71,Unknown
84,96,3540.41,Madrid
85,84,3173.56,Sao Paulo
86,1,1761.51,Madrid
87,53,425.78,Unknown
88,97,136.85,Unknown
89,69,4276.67,Sao Paulo
90,29,4823.19,Lisbon
91,32,1900.53,Sao Paulo
92,23,2745.16,Madrid
93,50,1448.37,Rio
94,8,4195.91,Madrid
95,1,3409.32,Unknown
96,18,1562.39,Sao Paulo
97,32,1581.26,Unknown
98,30,1198.13,Madrid
99,87,1793.98,Lisbon
100,37,791.9,Lisbon
101,18,1887.88,Sao Paulo
102,48,3103.5,Unknown
103,35,1594.67,Lisbon
104,12,133.87,Unknown
105,44,3010.86,Unknown
106,82,3546.39,Sao Paulo
107,54,907.18,Madrid
108,13,1818.16,Unknown
109,28,1523.74,Madrid
110,44,1345.39,Sao Paulo
111,28,1730.92,Madrid
112,20,2805.38,Rio
113,49,2908.13,Lisbon
114,55,2404.87,Lisbon
115,18,1752.1,Unknown
116,95,2249.93,Lisbon
117,42,1635.45,Unknown
118,89,1710.92,Madrid
119,59,949.19,Madrid
120,92,1526.27,Lisbon
121,83,1195.16,Lisbon
122,32,4706.65,Madrid
123,53,766.46,Unknown
124,54,625.65,Lisbon
125,70,3111.38,Rio
126,86,2274.02,Madrid
127,81,3758.32,Rio
128,33,2337.69,Sao Paulo
129,28,4317.2,Lisbon
130,87,2896.18,Madrid
131,95,4028.38,Madrid
132,7,4252.71,Lisbon
133,33,51.61,Madrid
134,63,4214.38,Madrid
135,53,240.72,Unknown
136,78,4517.86,Rio
137,81,3608.92,Lisbon
138,9,2492.64,Sao Paulo
139,59,1117.75,Madrid
140,92,1937.76,Madrid
141,7,1665.61,Rio
142,93,3246.88,Rio
143,48,617.79,Sao Paulo
144,94,4785.07,Rio
145,83,391.12,Sao Paulo
146,99,4374.57,Sao Paulo
147,58,381.5,Sao Paulo
148,54,851.34,Rio
149,45,644.13,Rio
150,13,3438.85,Sao Paulo
151,40,3582.62,Lisbon
152,36,3480.93,Unknown
153,75,303.91,Sao Paulo
154,91,4053.87,Rio
155,35,4504.97,Unknown
156,4,2206.64,Sao Paulo
157,54,2162.18,Rio
158,98,1752.4,Madrid
159,99,1973.2,Unknown
160,80,3837.37,Rio
161,95,1253.96,Rio
162,30,2526.03,Lisbon
163,67,264.06,Unknown
164,80,924.13,Sao Paulo
165,2,3800.46,Madrid
166,64,3382.88,Madrid
167,48,3784.57,Sao Paulo
168,7,4159.58,Lisbon
169,29,3266.58,Rio
170,33,1687.91,Lisbon
171,22,737.41,Lisbon
172,53,4799.17,Sao Paulo
173,95,201.04,Sao Paulo
174,39,1909.17,Sao Paulo
175,90,3693.15,Unknown
176,89,1976.41,Madrid
177,10,306.88,Lisbon
178,24,2175.01,Rio
179,39,935.78,Unknown
180,11,3132.88,Unknown
181,29,3191.88,Rio
182,3,3009.78,Sao Paulo
183,94,1223.72,Rio
184,81,2905.6,Madrid
185,62,4595.31,Madrid
186,5,2370.01,Lisbon
187,37,2393.97,Madrid
188,76,1804.64,Unknown
189,37,1350.41,Unknown
190,97,4184.22,Madrid
191,71,12.01,Rio
192,45,3523.72,Rio
193,29,4968.28,Lisbon
194,99,2585.63,Lisbon
195,63,2364.15,Rio
196,31,4567.51,Rio
197,88,3177.65,Unknown
198,74,3894.31,Rio
199,58,562.19,Unknown
200,51,3609.93,Rio
201,46,1143.1,Sao Paulo
202,95,4295.27,Madrid
203,44,1198.74,Lisbon
204,16,3308.24,Rio
205,40,4478.52,Lisbon
206,49,4933.48,Lisbon
207,36,2364.58,Lisbon
208,63,2583.5,Lisbon
209,51,2513.41,Madrid
210,7,1983.88,Lisbon
211,83,169.3,Lisbon
212,38,3598.48,Sao Paulo
213,9,4110.67,Sao Paulo
214,53,2915.57,Unknown
215,51,3105.04,Unknown
216,26,1591.56,Madrid
217,100,1815.35,Rio
218,36,1561.3,Unknown
219,53,2998.53,Lisbon
220,57,4356.52,Madrid
221,89,4740.32,Rio
222,47,2891.79,Unknown
223,96,4074.22,Rio
224,31,3727.9,Madrid
225,46,2714.35,Unknown
226,50,4579.92,Unknown
227,93,2841.5,Lisbon
228,19,810.47,Rio
229,37,3863.12,Rio
230,86,4883.85,Madrid
231,1,1497.75,Madrid
232,14,3789.21,Sao Paulo
233,99,2961.78,Lisbon
234,94,2770.02,Madrid
235,77,2544.19,Lisbon
236,99,1180.07,Madrid
237,63,1025.98,Sao Paulo
238,88,81.22,Unknown
239,39,4904.48,Rio
240,75,3901.56,Unknown
241,11,2150.86,Lisbon
242,74,3821.92,Rio
243,55,2368.43,Unknown
244,59,2937.83,Lisbon
245,33,2818.21,Lisbon
246,61,845.18,Madrid
247,25,3117.12,Unknown
248,49,1141.63,Lisbon
249,12,1576.81,Rio
250,65,3379.12,Rio
251,41,3890.2,Madrid
252,44,2094.12,Madrid
253,30,1035.37,Rio
254,23,4079.09,Unknown
255,80,4031.78,Sao Paulo
256,100,1804.67,Rio
257,18,1569.47,Madrid
258,70,2170.37,Lisbon
259,5,2772.84,Unknown
260,79,3991.53,Lisbon
261,46,2015.49,Unknown
262,10,2867.58,Madrid
263,17,622.32,Sao Paulo
264,93,4069.73,Lisbon
265,77,4290.69,Lisbon
266,92,1471.04,Sao Paulo
267,14,1084.03,Rio
268,14,2731.34,Unknown
269,78,4921.33,Rio
270,71,1526.15,Sao Paulo
271,69,1456.39,Rio
272,53,1676.66,Unknown
273,60,2623.46,Lisbon
274,51,4984.29,Madrid
275,96,3235.65,Unknown
276,53,580.81,Madrid
277,90,1068.2,Lisbon
278,91,268.77,Sao Paulo
279,40,4153.5,Madrid
280,86,3348.95,Unknown
281,49,3418.71,Madrid
282,20,4886.02,Sao Paulo
283,95,3393.98,Sao Paulo
284,81,3423.34,Lisbon
285,76,897.2,Unknown
286,26,1003.24,Unknown
287,95,4452.25,Unknown
288,40,3131.42,Unknown
289,27,1664.04,Madrid
290,61,3059.18,Sao Paulo
291,39,2696.28,Unknown
292,2,344.9,Lisbon
293,81,4862.28,Madrid
294,25,1622.55,Rio
295,23,3888.31,Unknown
296,52,4412.49,Madrid
297,4,4208.33,Madrid
298,82,487.14,Sao Paulo
299,60,132.32,Madrid
300,43,953.37,Madrid
301,9,2432.1,Rio
302,3,210.4,Rio
303,23,3836.37,Sao Paulo
304,1,4770.91,Rio
305,40,102.65,Lisbon
306,25,1660.11,Rio
307,19,172.17,Unknown
308,33,2279.91,Rio
309,83,4806.43,Madrid
310,61,223.55,Unknown
311,3,1144.16,Madrid
312,50,4958.99,Unknown
313,38,605.9,Madrid
314,99,4944.92,Lisbon
315,48,1184.73,Sao Paulo
316,27,461.07,Madrid
317,63,200.44,Sao Paulo
318,13,171.83,Unknown
319,49,3302.38,Lisbon
320,15,3718.42,Sao Paulo
321,77,1811.48,Madrid
322,37,4561.66,Sao Paulo
323,8,1491.45,Lisbon
324,33,2503.64,Rio
325,49,4459.3,Rio
326,22,4667.68,Rio
327,2,1341.63,Sao Paulo
328,58,3411.25,Rio
329,100,4377.45,Unknown
330,33,410.73,Sao Paulo
331,61,3464.65,Sao Paulo
332,85,3159.84,Lisbon
333,25,3525.66,Lisbon
334,55,2104.73,Unknown
335,33,3876.77,Rio
336,89,2664.16,Madrid
337,43,1689.06,Rio
338,23,748.87,Madrid
339,35,3839.11,Lisbon
340,44,2187.31,Rio
341,2,962.74,Sao Paulo
342,13,1576.71,Unknown
343,80,3722.69,Lisbon
344,23,4004.5,Sao Paulo
345,19,2837.91,Lisbon
346,31,2312.75,Unknown
347,88,3799.79,Unknown
348,1,2288.87,Lisbon
349,9,1059.95,Lisbon
350,82,1956.66,Lisbon
351,97,3508.1,Rio
352,60,1506.39,Sao Paulo
353,87,3139.2,Lisbon
354,48,4671.87,Madrid
355,87,2777.47,Rio
356,90,4841.23,Lisbon
357,8,1247.46,Unknown
358,15,3836.32,Sao Paulo
359,17,1765.42,Unknown
360,5,520.07,Sao Paulo
361,12,4319.37,Madrid
362,94,2023.57,Rio
363,46,4145.62,Sao Paulo
364,49,4992.3,Lisbon
365,62,4146.76,Rio
366,66,291.47,Rio
367,64,116.92,Madrid
368,73,1636.51,Lisbon
369,49,4706.05,Rio
370,21,2061.96,Lisbon
371,34,1300.88,Madrid
372,54,168.18,Madrid
373,25,1287.66,Lisbon
374,50,1004.24,Unknown
375,36,4936.66,Madrid
376,44,4590.3,Madrid
377,40,3955.6,Lisbon
378,29,4385.26,Rio
379,35,902.21,Lisbon
380,44,1681.39,Madrid
381,96,3634.95,Madrid
382,21,4731.05,Madrid
383,53,4304.33,Lisbon
384,16,4391.47,Madrid
385,36,918.87,Unknown
386,25,2543.69,Rio
387,66,994.28,Sao Paulo
388,38,764.39,Unknown
389,63,432.63,Rio
390,16,4101.06,Lisbon
391,49,4314.27,Lisbon
392,58,1287.87,Unknown
393,67,4924.76,Sao Paulo
394,86,4519.81,Madrid
395,100,3683.72,Unknown
396,26,171.39,Sao Paulo
397,30,2346.49,Unknown
398,97,1377.42,Rio
399,32,2856.91,Unknown
400,84,949.77,Rio
401,10,4998.66,Lisbon
402,60,4843.69,Sao Paulo
403,86,4199.24,Lisbon
404,90,3035.13,Unknown
405,57,1386.65,Lisbon
406,37,3634.16,Lisbon
407,6,2213.94,Lisbon
408,100,497.72,Rio
409,41,3609.7,Madrid
410,44,4712.56,Sao Paulo
411,54,967.48,Madrid
412,39,4979.18,Rio
413,15,2781.43,Madrid
414,49,2884.2,Madrid
415,68,4320.45,Unknown
416,15,3637.55,Rio
417,29,3378.96,Rio
418,99,1503.77,Rio
419,48,176.6,Lisbon
420,48,64.31,Sao Paulo
421,92,4550.8,Sao Paulo
422,22,1706.58,Unknown
423,52,3508.43,Lisbon
424,40,4615.43,Unknown
425,15,4066.55,Rio
426,88,605.03,Unknown
427,47,1994.84,Madrid
428,98,227.06,Lisbon
429,68,3061.06,Rio
430,88,1454.26,Unknown
431,86,1808.54,Rio
432,17,309.1,Sao Paulo
433,29,4192.28,Rio
434,30,977.77,Rio
435,76,1001.42,Rio
436,8,1280.42,Sao Paulo
437,49,3862.11,Lisbon
438,91,4711.31,Madrid
439,4,1789.74,Unknown
440,10,118.5,Rio
441,81,1772.83,Rio
442,48,1837.59,Rio
443,25,966.41,Unknown
444,93,4298.6,Madrid
445,36,3841.1,Unknown
446,15,3329.01,Unknown
447,26,4779.8,Sao Paulo
448,14,2268.47,Madrid
449,40,3609.07,Unknown
450,92,2448.08,Rio
451,40,4262.95,Sao Paulo
452,71,135.35,Madrid
453,65,2884.11,Unknown
454,44,928.35,Sao Paulo
455,6,974.44,Lisbon
456,95,590.45,Lisbon
457,7,1272.16,Sao Paulo
458,10,4756.5,Lisbon
459,75,813.63,Lisbon
460,19,4737.82,Unknown
461,4,220.09,Madrid
462,5,2027.94,Sao Paulo
463,22,3925.09,Rio
464,71,4687.47,Unknown
465,15,1699.44,Unknown
466,7,2011.05,Sao Paulo
467,60,561.73,Unknown
468,83,2168.98,Sao Paulo
469,5,597.18,Rio
470,23,2816.94,Unknown
471,28,3223.3,Sao Paulo
472,31,3490.85,Lisbon
473,75,2268.35,Rio
474,88,343.68,Lisbon
475,70,899.71,Sao Paulo
476,28,4982.41,Unknown
477,70,4244.41,Sao Paulo
478,79,4795.95,Lisbon
479,4,672.65,Unknown
480,91,2027.16,Rio
481,99,797.54,Madrid
482,89,4481.59,Sao Paulo
483,80,3060.88,Rio
484,53,4514.9,Rio
485,33,3085.69,Rio
486,10,1585.11,Rio
487,89,1416.08,Sao Paulo
488,63,2883.63,Madrid
489,68,1088.44,Lisbon
490,72,727.18,Unknown
491,43,1977.83,Lisbon
492,43,2912.93,Lisbon
493,91,315.21,Lisbon
494,27,4418.29,Madrid
495,1,3478.47,Sao Paulo
496,36,4145.67,Lisbon
497,21,2808.39,Rio
498,30,4338.7,Rio
499,37,4614.89,Madrid
500,22,373.43,Sao Paulo
501,6,1870.21,Madrid
502,67,253.58,Sao Paulo
503,47,2330.15,Sao Paulo
504,90,1811.63,Rio
505,83,624.07,Sao Paulo
506,75,1430.83,Sao Paulo
507,88,2089.04,Unknown
508,2,1214.53,Lisbon
509,20,3717.69,Unknown
510,49,1381.45,Sao Paulo
511,40,880.65,Rio
512,1,1222.27,Lisbon
513,59,1499.74,Lisbon
514,92,111.97,Rio
515,98,3354.61,Madrid
516,48,4820.9,Lisbon
517,35,1483.47,Rio
518,92,2490.57,Sao Paulo
519,34,4693.36,Sao Paulo
520,46,1708.65,Unknown
521,74,2642.11,Madrid
522,63,731.78,Lisbon
523,10,1755.27,Sao Paulo
524,27,2547.5,Madrid
525,65,4087.15,Lisbon
526,93,2068.7,Rio
527,66,3459.21,Lisbon
528,10,3084.38,Rio
529,85,3130.05,Unknown
530,19,354.9,Lisbon
531,90,4493.41,Unknown
532,75,3541.84,Lisbon
533,41,4851.48,Lisbon
534,75,1005.63,Lisbon
535,51,3995.37,Sao Paulo
536,72,3816.2,Sao Paulo
537,42,218.21,Lisbon
538,59,2868.8,Rio
539,81,3724.99,Unknown
540,65,2713.67,Rio
541,51,2520.09,Madrid
542,8,3267.68,Sao Paulo
543,29,525.57,Lisbon
544,79,2504.72,Unknown
545,38,765.53,Sao Paulo
546,24,2875.19,Unknown
547,43,1549.94,Unknown
548,33,4555.15,Unknown
549,68,2939.63,Sao Paulo
550,92,3189.73,Lisbon
551,55,1812.09,Sao Paulo
552,60,4247.43,Lisbon
553,87,3310.59,Rio
554,31,3573.77,Unknown
555,41,479.06,Unknown
556,17,915.9,Lisbon
557,14,410.18,Lisbon
558,8,3214.04,Lisbon
559,53,4770.02,Madrid
560,9,4310.32,Unknown
561,12,2549.17,Lisbon
562,46,965.93,Rio
563,55,4185.45,Sao Paulo
564,87,3923.79,Sao Paulo
565,86,2137.08,Sao Paulo
566,65,454.08,Lisbon
567,15,3330.07,Sao Paulo
568,6,2469.76,Unknown
569,21,3184.78,Madrid
570,15,161.8,Sao Paulo
571,71,2762.37,Unknown
572,26,1904.05,Madrid
573,2,2571.5,Madrid
574,44,2667.05,Rio
575,3,318.38,Sao Paulo
576,87,4061.32,Sao Paulo
577,74,3294.45,Unknown
578,16,4248.89,Rio
579,17,2186.2,Unknown
580,69,908.0,Rio
581,8,37.2,Lisbon
582,59,179.35,Unknown
583,64,1519.0,Sao Paulo
584,62,1710.51,Rio
585,84,4460.06,Madrid
586,6,257.56,Madrid
587,5,457.14,Rio
588,72,4409.13,Madrid
589,89,4248.39,Lisbon
590,68,1759.98,Lisbon
591,38,498.28,Lisbon
592,69,3276.14,Unknown
593,91,2711.99,Rio
594,87,375.54,Madrid
595,66,1185.22,Lisbon
596,98,2993.54,Lisbon
597,95,759.51,Rio
598,37,3627.31,Unknown
599,28,2379.05,Lisbon
600,35,216.24,Rio
601,98,2591.97,Lisbon
602,94,3535.6,Rio
603,20,346.94,Unknown
604,11,4597.26,Lisbon
605,45,2238.11,Sao Paulo
606,76,1162.64,Lisbon
607,24,2153.35,Rio
608,41,3106.53,Madrid
609,88,1045.32,Madrid
610,72,1601.77,Sao Paulo
611,37,4809.67,Sao Paulo
612,76,3983.06,Unknown
613,65,970.39,Lisbon
614,3,4167.84,Lisbon
615,73,4676.98,Sao Paulo
616,21,4746.99,Unknown
617,9,3648.05,Lisbon
618,61,2179.12,Madrid
619,12,3823.38,Rio
620,87,2940.36,Unknown
621,4,3813.06,Rio
622,23,2910.09,Unknown
623,68,4474.07,Sao Paulo
624,54,4564.66,Madrid
625,25,2041.94,Unknown
626,14,3598.56,Rio
627,45,3989.17,Sao Paulo
628,94,4508.13,Lisbon
629,28,1143.84,Lisbon
630,72,3685.4,Madrid
631,51,2821.07,Unknown
632,100,1847.64,Sao Paulo
633,54,1639.18,Unknown
634,20,2983.29,Madrid
635,39,1605.75,Lisbon
636,36,2893.0,Lisbon
637,29,4988.17,Sao Paulo
638,51,2820.07,Madrid
639,82,3320.36,Lisbon
640,30,3583.28,Unknown
641,14,2818.12,Rio
642,94,2622.06,Sao Paulo
643,82,2595.89,Rio
644,97,1134.84,Lisbon
645,22,4542.23,Madrid
646,59,4118.05,Unknown
647,45,1665.64,Unknown
648,75,3187.72,Sao Paulo
649,60,3923.06,Madrid
650,85,480.86,Sao Paulo
651,45,4084.09,Madrid
652,96,847.8,Sao Paulo
653,95,1426.52,Sao Paulo
654,76,1431.05,Rio
655,90,4762.59,Unknown
656,49,4636.36,Madrid
657,100,2271.81,Lisbon
658,4,1657.21,Sao Paulo
659,11,2296.06,Unknown
660,60,2531.8,Sao Paulo
661,6,3527.95,Unknown
662,48,3575.68,Rio
663,61,2241.43,Lisbon
664,88,833.69,Rio
665,100,3233.08,Sao Paulo
666,89,4436.25,Unknown
667,89,4035.33,Lisbon
668,18,586.41,Madrid
669,59,2207.59,Unknown
670,59,4958.37,Sao Paulo
671,85,728.92,Sao Paulo
672,74,1067.29,Madrid
673,9,919.19,Unknown
674,57,4105.13,Sao Paulo
675,80,3828.99,Madrid
676,23,140.78,Madrid
677,12,986.04,Madrid
678,26,2334.52,Sao Paulo
679,83,1194.78,Lisbon
680,11,3576.61,Lisbon
681,54,3891.85,Sao Paulo
682,34,558.0,Rio
683,72,4313.68,Rio
684,57,173.27,Rio
685,10,3843.17,Lisbon
686,17,4994.12,Rio
687,9,1487.56,Madrid
688,17,981.01,Madrid
689,35,3334.11,Madrid
690,61,3760.82,Rio
691,16,3610.12,Sao Paulo
692,89,149.5,Unknown
693,81,962.08,Madrid
694,52,2560.66,Sao Paulo
695,66,3035.13,Rio
696,61,4809.86,Unknown
697,2,474.34,Rio
698,100,1994.69,Rio
699,67,1073.08,Rio
700,32,4069.56,Unknown
701,72,4037.91,Madrid
702,72,4400.93,Lisbon
703,86,4594.14,Rio
704,77,1611.0,Madrid
705,12,4692.69,Unknown
706,76,1805.47,Madrid
707,71,45.8,Madrid
708,8,2521.75,Madrid
709,99,1685.24,Lisbon
710,86,10.0,Madrid
711,93,2061.2,Rio
712,74,1462.7,Lisbon
713,3,2716.65,Unknown
714,31,3716.15,Rio
715,75,1177.99,Lisbon
716,38,2243.1,Sao Paulo
717,93,4890.34,Madrid
718,57,976.47,Unknown
719,2,4930.69,Unknown
720,84,485.7,Rio
721,89,4805.29,Unknown
722,71,4295.73,Lisbon
723,79,661.88,Madrid
724,29,4911.51,Rio
725,72,2875.82,Madrid
726,16,3972.79,Unknown
727,35,3390.19,Unknown
728,23,4219.31,Unknown
729,7,3320.91,Rio
730,43,3156.3,Sao Paulo
731,39,1791.36,Unknown
732,48,4414.51,Sao Paulo
733,79,706.7,Rio
734,47,4673.95,Unknown
735,34,2260.97,Sao Paulo
736,42,872.95,Rio
737,39,1642.98,Sao Paulo
738,20,3669.61,Unknown
739,38,545.06,Unknown
740,8,447.71,Unknown
741,48,4702.07,Sao Paulo
742,54,745.11,Rio
743,62,3902.8,Madrid
744,78,48.05,Unknown
745,34,1504.22,Madrid
746,10,2112.3,Sao Paulo
747,71,2825.24,Madrid
748,96,4122.31,Madrid
749,22,4283.83,Rio
750,22,2144.28,Lisbon
751,51,1214.12,Rio
752,32,339.95,Rio
753,48,3127.01,Unknown
754,43,560.91,Rio
755,76,2260.55,Unknown
756,8,1149.2,Madrid
757,50,898.22,Unknown
758,85,1037.92,Unknown
759,91,4194.17,Unknown
760,2,2822.25,Sao Paulo
761,15,3572.36,Unknown
762,52,1500.21,Sao Paulo
763,28,3796.98,Sao Paulo
764,47,2649.77,Lisbon
765,6,1557.42,Rio
766,59,649.59,Unknown
767,37,901.76,Unknown
768,98,2653.75,Madrid
769,55,4841.63,Sao Paulo
770,99,2127.54,Madrid
771,91,3960.94,Rio
772,93,2415.11,Unknown
773,61,517.85,Madrid
774,11,3657.14,Rio
775,15,678.66,Unknown
776,31,3232.68,Unknown
777,31,4801.93,Madrid
778,43,2664.3,Sao Paulo
779,74,1086.29,Sao Paulo
780,22,3054.27,Sao Paulo
781,64,483.91,Unknown
782,54,681.55,Rio
783,47,2714.76,Sao Paulo
784,72,4253.57,Unknown
785,18,3310.46,Rio
786,16,3848.43,Unknown
787,67,2237.43,Sao Paulo
788,28,4532.01,Rio
789,33,4525.31,Unknown
790,33,3418.84,Rio
791,24,1255.79,Rio
792,68,4976.21,Unknown
793,4,3681.99,Sao Paulo
794,35,379.42,Lisbon
795,42,3875.2,Rio
796,60,3675.37,Unknown
797,6,245.44,Unknown
798,96,3791.24,Madrid
799,26,4868.95,Madrid
800,90,2019.05,Sao Paulo
801,39,4915.75,Madrid
802,25,4036.89,Madrid
803,95,2915.1,Lisbon
804,18,3700.73,Unknown
805,95,2330.42,Lisbon
806,51,3546.7,Sao Paulo
807,28,3511.47,Lisbon
808,33,385.4,Rio
809,63,4989.06,Rio
810,33,4992.71,Lisbon
811,78,780.16,Lisbon
812,91,2136.65,Madrid
813,54,2043.4,Rio
814,94,2428.79,Lisbon
815,3,2657.23,Sao Paulo
816,63,4634.75,Sao Paulo
817,81,2819.88,Sao Paulo
818,49,945.11,Rio
819,66,1556.54,Lisbon
820,56,3195.84,Sao Paulo
821,74,2799.75,Sao Paulo
822,19,1185.11,Rio
823,82,2026.95,Madrid
824,68,4520.93,Rio
825,87,4512.85,Unknown
826,23,241.57,Madrid
827,92,3798.45,Unknown
828,79,1163.94,Sao Paulo
829,46,3471.99,Rio
830,18,1418.7,Sao Paulo
831,48,1991.23,Unknown
832,25,3409.35,Unknown
833,28,3069.21,Sao Paulo
834,79,3103.9,Lisbon
835,61,1524.45,Unknown
836,32,809.08,Madrid
837,53,495.98,Madrid
838,96,1935.49,Sao Paulo
839,61,3994.11,Rio
840,51,2835.95,Madrid
841,78,1628.34,Lisbon
842,26,2514.43,Rio
843,54,3176.21,Unknown
844,95,85.69,Unknown
845,45,2656.23,Rio
846,72,2920.87,Rio
847,95,3726.53,Unknown
848,82,2756.2,Unknown
849,37,2654.14,Unknown
850,16,945.7,Madrid
851,64,1403.24,Lisbon
852,15,3342.88,Unknown
853,38,101.56,Sao Paulo
854,79,3149.11,Rio
855,15,4491.95,Sao Paulo
856,51,1670.83,Rio
857,89,2195.95,Lisbon
858,98,1075.63,Lisbon
859,66,2017.76,Lisbon
860,62,272.41,Sao Paulo
861,83,681.01,Unknown
862,30,1212.16,Rio
863,12,2521.65,Lisbon
864,80,4116.39,Lisbon
865,48,570.76,Rio
866,51,4704.72,Sao Paulo
867,35,192.16,Unknown
868,68,3176.56,Lisbon
869,87,3334.08,Madrid
870,11,4532.02,Rio
871,34,3595.15,Sao Paulo
872,94,4764.38,Rio
873,9,1178.11,Lisbon
874,1,4336.43,Unknown
875,95,3906.64,Sao Paulo
876,88,1388.5,Unknown
877,77,3922.85,Unknown
878,16,250.76,Lisbon
879,32,1610.73,Lisbon
880,67,910.42,Madrid
881,58,4128.54,Madrid
882,74,4949.98,Madrid
883,36,4954.07,Sao Paulo
884,86,780.39,Rio
885,98,2254.13,Sao Paulo
886,94,3513.11,Sao Paulo
887,85,1776.75,Sao Paulo
888,83,4983.42,Sao Paulo
889,30,1656.39,Madrid
890,54,2800.34,Madrid
891,70,782.57,Rio
892,13,3006.06,Lisbon
893,88,2570.14,Unknown
894,80,4208.05,Rio
895,39,2586.54,Unknown
896,97,2163.4,Unknown
897,32,1346.85,Sao Paulo
898,68,3761.24,Madrid
899,91,4786.39,Lisbon
900,86,3610.79,Unknown
901,43,2029.07,Madrid
902,32,2165.24,Lisbon
903,92,4806.2,Unknown
904,14,4804.5,Rio
905,67,3029.54,Rio
906,75,3198.03,Madrid
907,41,4939.8,Unknown
908,3,2084.06,Sao Paulo
909,8,1718.87,Rio
910,71,4392.74,Madrid
911,50,3348.75,Lisbon
912,62,1950.39,Rio
913,42,2192.34,Sao Paulo
914,70,2762.87,Madrid
915,81,4400.65,Rio
916,69,2567.14,Lisbon
917,72,4034.49,Unknown
918,11,4226.01,Sao Paulo
919,85,688.2,Madrid
920,79,1435.02,Madrid
921,48,3598.65,Rio
922,21,2023.45,Madrid
923,75,1343.73,Madrid
924,4,2082.12,Rio
925,64,2814.85,Lisbon
926,44,3915.41,Madrid
927,21,4633.76,Sao Paulo
928,38,4620.65,Rio
929,63,2247.9,Sao Paulo
930,49,1098.52,Sao Paulo
931,53,2316.4,Sao Paulo
932,20,36.68,Unknown
933,47,274.9,Sao Paulo
934,51,494.01,Lisbon
935,54,2583.39,Sao Paulo
936,21,4619.36,Rio
937,5,4465.43,Sao Paulo
938,35,2378.46,Madrid
939,91,1088.99,Unknown
940,56,3971.52,Unknown
941,19,1931.14,Rio
942,10,2412.54,Madrid
943,48,3086.78,Madrid
944,74,3277.1,Madrid
945,30,936.21,Lisbon
946,80,3443.42,Unknown
947,75,989.35,Madrid
948,79,2225.53,Madrid
949,9,2624.31,Rio
950,11,849.51,Sao Paulo
951,24,2508.94,Unknown
952,26,3555.24,Sao Paulo
953,64,1058.96,Unknown
954,70,1229.07,Rio
955,78,1613.85,Rio
956,94,2971.68,Sao Paulo
957,42,292.82,Unknown
958,26,3674.98,Unknown
959,50,2725.52,Unknown
960,43,2626.01,Lisbon
961,78,4129.52,Sao Paulo
962,73,2554.48,Lisbon
963,66,3713.68,Rio
964,73,2814.05,Sao Paulo
965,74,3766.94,Sao Paulo
966,14,3802.77,Sao Paulo
967,24,1732.59,Rio
968,76,4713.45,Rio
969,23,2407.88,Lisbon
970,82,3772.76,Unknown
971,57,2062.81,Unknown
972,43,158.89,Lisbon
973,30,234.13,Madrid
974,75,1072.9,Rio
975,76,599.8,Madrid
976,83,1328.38,Sao Paulo
977,44,1468.62,Madrid
978,81,867.59,Rio
979,28,1678.93,Unknown
980,24,2829.0,Unknown
981,78,1181.99,Rio
982,100,1537.08,Madrid
983,45,2506.18,Rio
984,53,3960.04,Lisbon
985,77,1513.35,Rio
986,30,1861.11,Unknown
987,46,1130.43,Sao Paulo
988,93,4564.09,Sao Paulo
989,75,2535.26,Lisbon
990,66,382.98,Rio
991,88,2346.93,Lisbon
992,31,1241.22,Sao Paulo
993,12,4990.42,Rio
994,87,4380.62,Rio
995,41,3222.33,Rio
996,10,2979.02,Sao Paulo
997,63,2860.88,Lisbon
998,11,3146.25,Rio
999,50,3115.0,Rio
1000,43,1454.32,Madrid
1001,55,4878.26,Sao Paulo
1002,25,4095.22,Rio
1003,29,3678.83,Madrid
1004,36,2892.48,Madrid
1005,78,2176.44,Rio
1006,21,2993.51,Rio
1007,41,2233.75,Madrid
1008,13,466.51,Rio
1009,69,2863.18,Lisbon
1010,53,3326.87,Rio
1011,96,1369.37,Lisbon
1012,66,248.17,Rio
1013,66,38.19,Madrid
1014,8,2244.25,Madrid
1015,21,119.33,Madrid
1016,18,741.9,Rio
1017,15,1370.83,Unknown
1018,12,3316.77,Sao Paulo
1019,48,2520.5,Sao Paulo
1020,56,1396.06,Rio
1021,20,2229.46,Rio
1022,53,1391.06,Sao Paulo
1023,43,1068.65,Lisbon
1024,92,4815.3,Rio
1025,24,3100.58,Sao Paulo
1026,41,3224.96,Sao Paulo
1027,60,1504.71,Rio
1028,11,2004.79,Sao Paulo
1029,39,398.18,Madrid
1030,10,656.69,Rio
1031,66,596.39,Sao Paulo
1032,58,2594.43,Rio
1033,67,4390.77,Lisbon
1034,84,1569.47,Sao Paulo
1035,16,2710.6,Lisbon
1036,53,2209.2,Madrid
1037,46,3391.91,Sao Paulo
1038,80,1500.55,Sao Paulo
1039,20,2881.49,Madrid
1040,22,3315.19,Unknown
1041,80,2490.89,Unknown
1042,55,2390.26,Rio
1043,58,4907.62,Sao Paulo
1044,15,2337.98,Sao Paulo
1045,43,3736.77,Lisbon
1046,41,3226.13,Madrid
1047,39,3927.53,Lisbon
1048,85,3197.87,Lisbon
1049,21,3469.42,Madrid
1050,76,4475.86,Madrid
1051,56,3665.3,Madrid
1052,95,2060.19,Madrid
1053,29,4068.06,Rio
1054,67,173.44,Rio
1055,85,4083.48,Madrid
1056,8,4157.25,Madrid
1057,55,4685.88,Lisbon
1058,82,1739.9,Sao Paulo
1059,25,1567.95,Rio
1060,55,3636.73,Rio
1061,40,4166.66,Rio
1062,17,3159.63,Unknown
1063,94,1200.69,Rio
1064,97,1737.85,Sao Paulo
1065,59,1103.45,Unknown
1066,46,4005.8,Sao Paulo
1067,63,127.35,Lisbon
1068,65,1203.9,Rio
1069,87,1801.59,Madrid
1070,90,2723.85,Madrid
1071,68,2608.12,Madrid
1072,44,4357.13,Rio
1073,76,2687.12,Sao Paulo
1074,31,2353.87,Madrid
1075,79,1732.51,Madrid
1076,83,3861.19,Lisbon
1077,73,3228.98,Lisbon
1078,5,3240.24,Unknown
1079,60,3255.35,Sao Paulo
1080,39,265.07,Lisbon
1081,93,4267.09,Sao Paulo
1082,83,1761.92,Lisbon
1083,22,3760.8,Unknown
1084,85,4356.91,Lisbon
1085,65,3319.84,Lisbon
1086,78,2228.22,Unknown
1087,34,2583.3,Sao Paulo
1088,95,941.45,Unknown
1089,62,4078.88,Madrid
1090,58,2597.7,Lisbon
1091,84,4757.64,Unknown
1092,45,1806.32,Sao Paulo
1093,79,4638.93,Sao Paulo
1094,57,481.23,Unknown
1095,59,4670.73,Madrid
1096,66,1803.06,Lisbon
1097,8,1673.64,Unknown
1098,31,4628.68,Madrid
1099,74,2513.36,Rio
1100,51,3176.65,Sao Paulo
1101,16,2455.43,Rio
1102,38,1098.65,Sao Paulo
1103,31,2529.82,Unknown
1104,63,4910.91,Lisbon
1105,76,2679.11,Rio
1106,42,1330.53,Madrid
1107,39,103.09,Unknown
1108,16,921.62,Sao Paulo
1109,18,11.39,Sao Paulo
1110,58,3261.7,Sao Paulo
1111,5,1131.82,Sao Paulo
1112,32,1408.73,Unknown
1113,44,2930.29,Rio
1114,34,1228.93,Sao Paulo
1115,49,4280.23,Madrid
1116,90,2282.99,Lisbon
1117,84,514.97,Rio
1118,91,510.9,Madrid
1119,69,4592.86,Madrid
1120,35,4702.85,Sao Paulo
1121,78,307.04,Madrid
1122,66,2614.38,Unknown
1123,2,3943.51,Unknown
1124,20,1190.44,Unknown
1125,16,2466.65,Madrid
1126,63,3718.04,Unknown
1127,77,453.11,Lisbon
1128,2,2433.92,Madrid
1129,100,3510.74,Sao Paulo
1130,35,1918.78,Sao Paulo
1131,66,693.76,Lisbon
1132,71,2152.69,Sao Paulo
1133,27,1193.8,Sao Paulo
1134,23,1709.56,Sao Paulo
1135,97,277.83,Madrid
1136,91,4957.62,Madrid
1137,54,4484.4,Unknown
1138,41,4305.2,Sao Paulo
1139,9,1739.03,Lisbon
1140,6,1499.07,Madrid
1141,33,1851.86,Sao Paulo
1142,91,1154.18,Madrid
1143,90,2862.6,Sao Paulo
1144,53,2282.02,Rio
1145,30,3451.65,Sao Paulo
1146,46,697.05,Unknown
1147,73,542.4,Sao Paulo
1148,62,2988.78,Rio
1149,82,454.74,Madrid
1150,56,3322.36,Lisbon
1151,38,484.07,Madrid
1152,1,1698.64,Lisbon
1153,9,697.65,Madrid
1154,54,4197.58,Unknown
1155,95,2775.4,Rio
1156,15,1025.65,Sao Paulo
1157,25,716.78,Unknown
1158,23,698.77,Madrid
1159,16,2447.57,Lisbon
1160,65,1250.95,Madrid
1161,93,937.78,Sao Paulo
1162,10,897.28,Lisbon
1163,14,3907.52,Sao Paulo
1164,52,2874.57,Unknown
1165,19,304.56,Sao Paulo
1166,47,1755.01,Lisbon
1167,5,827.84,Sao Paulo
1168,59,1625.67,Lisbon
1169,98,4979.56,Lisbon
1170,70,2187.06,Lisbon
1171,73,1187.67,Rio
1172,84,4333.64,Madrid
1173,2,619.62,Rio
1174,14,2515.18,Rio
1175,17,2116.46,Rio
1176,9,336.78,Rio
1177,59,4052.32,Sao Paulo
1178,58,3728.59,Rio
1179,97,3887.94,Unknown
1180,49,1106.79,Lisbon
1181,82,4282.88,Unknown
1182,54,3152.27,Sao Paulo
1183,58,2165.07,Rio
1184,1,2308.6,Lisbon
1185,44,844.56,Madrid
1186,8,1043.51,Unknown
1187,29,2218.02,Unknown
1188,55,4947.77,Madrid
1189,80,907.7,Sao Paulo
1190,24,4877.73,Sao Paulo
1191,32,2573.93,Madrid
1192,63,2793.16,Rio
1193,13,4409.42,Sao Paulo
1194,14,318.61,Lisbon
1195,37,3166.65,Rio
1196,14,4301.41,Sao Paulo
1197,9,4109.83,Unknown
1198,20,806.41,Rio
1199,97,1209.04,Rio
1200,73,4805.69,Rio
1201,57,3597.86,Madrid
1202,65,4170.62,Sao Paulo
1203,87,380.59,Sao Paulo
1204,21,1407.85,Madrid
1205,34,3329.19,Unknown
1206,18,4001.27,Rio
1207,50,526.32,Rio
1208,68,4337.7,Sao Paulo
1209,5,2822.72,Madrid
1210,62,2216.09,Rio
1211,45,4794.98,Madrid
1212,80,2859.81,Unknown
1213,15,4226.74,Madrid
1214,78,2769.38,Sao Paulo
1215,33,1804.51,Unknown
1216,31,4789.42,Unknown
1217,47,3863.72,Unknown
1218,56,1918.2,Sao Paulo
1219,49,1942.84,Unknown
1220,5,2113.84,Madrid
1221,90,2480.28,Unknown
1222,33,975.86,Rio
1223,47,1046.1,Sao Paulo
1224,14,2072.67,Lisbon
1225,14,4438.44,Madrid
1226,47,4144.84,Unknown
1227,31,3037.6,Lisbon
1228,54,3687.79,Rio
1229,93,4578.97,Sao Paulo
1230,22,3698.72,Lisbon
1231,84,1774.62,Rio
1232,32,473.2,Madrid
1233,74,1609.49,Sao Paulo
1234,31,3647.69,Rio
1235,80,662.9,Rio
1236,48,1482.83,Unknown
1237,94,2592.42,Madrid
1238,40,431.02,Lisbon
1239,99,118.91,Unknown
1240,89,4571.14,Unknown
1241,50,3193.8,Madrid
1242,69,511.2,Madrid
1243,49,991.41,Madrid
1244,67,1534.14,Sao Paulo
1245,46,2438.51,Madrid
1246,32,901.4,Sao Paulo
1247,81,1939.56,Unknown
1248,70,176.24,Lisbon
1249,1,4863.38,Rio
1250,58,4110.57,Rio
1251,51,817.76,Lisbon
1252,11,4657.27,Unknown
1253,77,1017.98,Madrid
1254,66,1606.47,Madrid
1255,48,4846.8,Rio
1256,58,3270.71,Rio
1257,14,3965.05,Sao Paulo
1258,49,2670.5,Lisbon
1259,4,1512.59,Lisbon
1260,3,2679.27,Rio
1261,89,3004.08,Unknown
1262,35,1407.76,Rio
1263,89,2836.88,Lisbon
1264,83,4658.03,Sao Paulo
1265,47,336.39,Lisbon
1266,93,3852.38,Unknown
1267,43,1122.44,Sao Paulo
1268,9,347.99,Sao Paulo
1269,96,4155.44,Madrid
1270,86,861.39,Madrid
1271,64,2720.56,Lisbon
1272,63,4247.98,Lisbon
1273,90,4516.31,Sao Paulo
1274,63,4883.28,Madrid
1275,29,4903.13,Sao Paulo
1276,63,1090.26,Madrid
1277,23,3782.23,Lisbon
1278,4,3323.72,Rio
1279,12,2203.43,Rio
1280,10,732.9,Madrid
1281,35,706.81,Unknown
1282,64,3637.64,Sao Paulo
1283,59,3576.29,Madrid
1284,11,4546.78,Sao Paulo
1285,24,3609.47,Unknown
1286,79,4439.33,Lisbon
1287,47,4879.2,Sao Paulo
1288,29,4153.18,Sao Paulo
1289,61,4989.15,Madrid
1290,32,3006.18,Lisbon
1291,66,1080.45,Rio
1292,37,2374.95,Lisbon
1293,76,3792.69,Lisbon
1294,19,1197.49,Lisbon
1295,39,472.91,Unknown
1296,43,2094.29,Sao Paulo
1297,82,303.38,Rio
1298,62,564.36,Sao Paulo
1299,38,1291.0,Rio
1300,91,2634.18,Madrid
1301,31,4661.27,Madrid
1302,28,925.25,Rio
1303,47,3511.49,Sao Paulo
1304,26,3523.2,Unknown
1305,86,107.89,Madrid
1306,39,818.46,Unknown
1307,42,2739.15,Lisbon
1308,68,2553.08,Lisbon
1309,43,1273.14,Madrid
1310,60,2897.93,Unknown
1311,42,593.25,Madrid
1312,73,3206.23,Lisbon
1313,46,4677.76,Unknown
1314,86,4946.8,Sao Paulo
1315,49,3245.21,Rio
1316,67,4779.63,Lisbon
1317,39,1332.47,Madrid
1318,91,3289.54,Madrid
1319,24,4152.39,Madrid
1320,71,4490.98,Lisbon
1321,11,2377.74,Unknown
1322,77,2373.81,Madrid
1323,32,1588.12,Lisbon
1324,16,2397.45,Lisbon
1325,100,1440.82,Sao Paulo
1326,6,2841.96,Rio
1327,99,3201.76,Madrid
1328,60,4995.55,Rio
1329,41,405.91,Lisbon
1330,58,3463.62,Madrid
1331,45,3156.58,Rio
1332,69,4584.69,Madrid
1333,10,2191.89,Sao Paulo
1334,63,1390.32,Unknown
1335,70,1959.38,Rio
1336,48,309.89,Rio
1337,69,880.05,Sao Paulo
1338,4,4424.44,Sao Paulo
1339,27,1767.68,Lisbon
1340,57,2655.83,Lisbon
1341,13,453.18,Unknown
1342,78,1617.84,Rio
1343,36,4730.05,Madrid
1344,53,405.78,Unknown
1345,43,3518.25,Madrid
1346,99,243.31,Rio
1347,23,747.14,Sao Paulo
1348,58,4614.96,Sao Paulo
1349,32,1446.24,Madrid
1350,10,4668.42,Unknown
1351,80,2556.51,Unknown
1352,68,2446.34,Madrid
1353,90,2401.71,Lisbon
1354,61,4700.1,Lisbon
1355,26,1679.76,Rio
1356,47,4537.78,Sao Paulo
1357,85,1294.6,Lisbon
1358,70,932.27,Sao Paulo
1359,92,336.02,Sao Paulo
1360,90,1915.81,Sao Paulo
1361,61,2683.39,Sao Paulo
1362,52,828.02,Sao Paulo
1363,7,1964.55,Unknown
1364,26,4047.21,Lisbon
1365,98,3099.02,Lisbon
1366,23,15.65,Sao Paulo
1367,2,893.36,Lisbon
1368,28,151.06,Rio
1369,66,4259.48,Lisbon
1370,22,4904.11,Madrid
1371,55,4933.42,Lisbon
1372,60,77.4,Madrid
1373,63,1452.14,Rio
1374,14,3580.13,Lisbon
1375,56,1180.53,Madrid
1376,26,4519.04,Lisbon
1377,80,1239.22,Lisbon
1378,84,3964.35,Madrid
1379,89,3224.91,Unknown
1380,4,1446.57,Sao Paulo
1381,75,1100.9,Rio
1382,78,3007.58,Rio
1383,100,1555.14,Madrid
1384,98,2031.67,Unknown
1385,90,1128.29,Sao Paulo
1386,28,1222.64,Madrid
1387,49,1280.47,Sao Paulo
1388,81,2770.93,Lisbon
1389,38,227.49,Rio
1390,96,3911.37,Rio
1391,78,3496.8,Unknown
1392,59,3921.13,Madrid
1393,23,4073.09,Lisbon
1394,42,1242.65,Lisbon
1395,11,4058.37,Sao Paulo
1396,28,2075.18,Madrid
1397,8,4451.19,Sao Paulo
1398,28,2424.25,Unknown
1399,23,3161.24,Sao Paulo
1400,19,1140.55,Madrid
1401,82,4318.07,Lisbon
1402,86,3837.72,Sao Paulo
1403,67,138.12,Lisbon
1404,65,2584.91,Unknown
1405,32,2341.47,Unknown
1406,52,2832.33,Madrid
1407,92,3267.74,Sao Paulo
1408,75,3855.19,Sao Paulo
1409,71,3487.05,Madrid
1410,53,1738.06,Sao Paulo
1411,80,4060.18,Lisbon
1412,67,34.77,Unknown
1413,53,1595.93,Madrid
1414,7,1607.02,Unknown
1415,99,2469.25,Sao Paulo
1416,12,955.21,Sao Paulo
1417,46,181.75,Madrid
1418,54,3961.03,Unknown
1419,6,167.99,Unknown
1420,74,1055.72,Rio
1421,77,3391.41,Lisbon
1422,84,1305.15,Lisbon
1423,4,759.14,Lisbon
1424,38,4382.5,Madrid
1425,98,3253.42,Madrid
1426,47,1900.5,Madrid
1427,36,4629.94,Madrid
1428,79,86.23,Madrid
1429,64,2709.25,Lisbon
1430,37,1794.23,Lisbon
1431,32,1582.08,Unknown
1432,73,1579.19,Lisbon
1433,10,3676.16,Rio
1434,97,4470.15,Lisbon
1435,13,1974.42,Unknown
1436,2,4432.71,Unknown
1437,91,2928.16,Madrid
1438,57,2330.85,Unknown
1439,1,558.95,Sao Paulo
1440,92,4962.98,Rio
1441,57,2505.51,Unknown
1442,51,3126.12,Lisbon
1443,2,3345.52,Sao Paulo
1444,92,2057.86,Rio
1445,43,1038.3,Unknown
1446,19,2022.85,Unknown
1447,7,3663.09,Lisbon
1448,80,1842.82,Rio
1449,33,2968.16,Madrid
1450,13,1233.64,Rio
1451,93,1956.85,Sao Paulo
1452,42,3091.52,Sao Paulo
1453,50,1766.14,Unknown
1454,9,4491.9,Sao Paulo
1455,35,2762.35,Madrid
1456,26,4437.47,Unknown
1457,6,290.63,Lisbon
1458,78,1601.85,Sao Paulo
1459,67,797.88,Unknown
1460,66,2035.83,Rio
1461,35,4145.17,Madrid
1462,21,980.21,Lisbon
1463,16,2144.78,Madrid
1464,75,2618.47,Madrid
1465,81,193.2,Unknown
1466,36,635.01,Sao Paulo
1467,34,2342.83,Rio
1468,67,4729.78,Unknown
1469,29,860.5,Rio
1470,45,251.49,Rio
1471,21,2877.03,Lisbon
1472,32,2298.77,Sao Paulo
1473,43,2784.54,Unknown
1474,30,4857.94,Unknown
1475,100,2283.69,Rio
1476,57,3922.67,Madrid
1477,94,3043.57,Lisbon
1478,64,302.21,Unknown
1479,70,966.93,Unknown
1480,58,879.21,Lisbon
1481,96,3710.04,Rio
1482,48,2756.36,Madrid
1483,76,2469.89,Unknown
1484,18,1757.27,Madrid
1485,76,4142.05,Rio
1486,28,3156.68,Rio
1487,99,893.85,Sao Paulo
1488,75,4324.74,Madrid
1489,51,281.87,Madrid
1490,51,937.6,Rio
1491,33,3458.96,Sao Paulo
1492,94,508.73,Sao Paulo
1493,96,1572.07,Sao Paulo
1494,28,4032.81,Lisbon
1495,93,4525.24,Sao Paulo
1496,44,4316.89,Rio
1497,1,1125.65,Unknown
1498,32,2651.11,Rio
1499,22,1963.5,Lisbon
1500,11,3769.29,Lisbon
1501,14,1936.0,Rio
1502,75,4780.17,Unknown
1503,99,39.93,Unknown
1504,92,3945.99,Lisbon
1505,39,3197.09,Madrid
1506,5,444.48,Lisbon
1507,63,4541.01,Lisbon
1508,13,2117.28,Lisbon
1509,23,4040.98,Sao Paulo
1510,66,3397.87,Sao Paulo
1511,37,4675.26,Rio
1512,50,1062.76,Madrid
1513,20,570.31,Lisbon
1514,59,1553.94,Unknown
1515,62,1658.07,Rio
1516,36,4437.54,Madrid
1517,52,1686.77,Unknown
1518,70,3579.41,Unknown
1519,27,3108.16,Unknown
1520,41,3928.12,Lisbon
1521,51,2834.72,Unknown
1522,97,3944.84,Rio
1523,13,783.9,Sao Paulo
1524,76,637.78,Sao Paulo
1525,99,989.41,Lisbon
1526,8,735.33,Rio
1527,82,1430.81,Lisbon
1528,82,755.92,Unknown
1529,66,4698.11,Lisbon
1530,8,3234.74,Sao Paulo
1531,93,3192.53,Sao Paulo
1532,62,3225.6,Sao Paulo
1533,37,2463.39,Unknown
1534,16,876.51,Unknown
1535,100,199.75,Unknown
1536,83,2409.73,Lisbon
1537,50,54.93,Rio
1538,21,3777.55,Unknown
1539,95,2410.37,Lisbon
1540,87,4064.34,Lisbon
1541,37,444.4,Rio
1542,6,4907.81,Sao Paulo
1543,92,1266.44,Unknown
1544,15,3985.55,Madrid
1545,89,988.11,Madrid
1546,96,1532.37,Sao Paulo
1547,6,3236.1,Lisbon
1548,40,4179.82,Sao Paulo
1549,2,4025.79,Lisbon
1550,8,2099.84,Madrid
1551,47,1582.91,Rio
1552,62,2309.17,Rio
1553,91,487.81,Lisbon
1554,8,1409.76,Sao Paulo
1555,36,430.74,Unknown
1556,5,3649.57,Madrid
1557,2,3018.12,Rio
1558,70,2154.93,Unknown
1559,12,28.05,Lisbon
1560,6,4802.72,Lisbon
1561,77,1409.37,Lisbon
1562,6,2632.33,Madrid
1563,79,97.52,Lisbon
1564,10,1207.53,Lisbon
1565,92,800.07,Lisbon
1566,73,2681.27,Madrid
1567,34,1995.69,Lisbon
1568,1,4379.42,Unknown
1569,7,4332.28,Unknown
1570,38,4717.11,Lisbon
1571,8,3213.54,Madrid
1572,81,375.15,Madrid
1573,46,4827.68,Rio
1574,40,3259.32,Unknown
1575,20,3214.79,Sao Paulo
1576,72,227.59,Rio
1577,79,65.9,Madrid
1578,15,4259.4,Sao Paulo
1579,45,662.59,Lisbon
1580,49,4199.47,Unknown
1581,68,752.38,Madrid
1582,6,2096.33,Unknown
1583,84,1721.71,Unknown
1584,99,3593.83,Sao Paulo
1585,73,536.54,Madrid
1586,100,3141.59,Sao Paulo
1587,100,3274.76,Rio
1588,62,1333.05,Lisbon
1589,99,2139.02,Sao Paulo
1590,37,3080.22,Sao Paulo
1591,44,282.71,Madrid
1592,34,2254.81,Unknown
1593,97,2325.31,Lisbon
1594,41,2057.29,Sao Paulo
1595,62,2883.77,Unknown
1596,71,600.85,Lisbon
1597,32,4278.02,Madrid
1598,99,2908.75,Madrid
1599,67,4013.55,Sao Paulo
1600,9,617.6,Lisbon
1601,95,894.88,Unknown
1602,35,2427.19,Madrid
1603,83,607.54,Unknown
1604,19,1848.8,Unknown
1605,3,4612.83,Sao Paulo
1606,82,2804.26,Rio
1607,5,4933.11,Rio
1608,48,1459.6,Rio
1609,50,2139.34,Sao Paulo
1610,96,4451.61,Unknown
1611,56,3432.32,Madrid
1612,53,4334.69,Madrid
1613,82,893.29,Madrid
1614,64,4910.96,Sao Paulo
1615,63,790.61,Rio
1616,86,4576.42,Madrid
1617,77,3997.96,Rio
1618,25,4991.52,Rio
1619,97,2274.5,Sao Paulo
1620,19,4795.13,Rio
1621,78,758.56,Madrid
1622,18,4237.99,Lisbon
1623,90,1682.59,Madrid
1624,91,1314.54,Rio
1625,59,3263.77,Unknown
1626,95,1155.86,Madrid
1627,20,3021.21,Unknown
1628,82,1788.79,Sao Paulo
1629,37,2532.92,Unknown
1630,100,613.61,Sao Paulo
1631,70,4314.02,Unknown
1632,98,4890.7,Lisbon
1633,47,2425.46,Lisbon
1634,84,249.33,Madrid
1635,43,2255.13,Unknown
1636,14,2836.45,Madrid
1637,46,3723.96,Lisbon
1638,68,1648.89,Madrid
1639,29,4498.43,Madrid
1640,22,64.21,Rio
1641,77,2357.95,Lisbon
1642,95,1501.27,Rio
1643,45,1850.25,Rio
1644,15,4571.31,Madrid
1645,35,2267.68,Madrid
1646,30,1744.36,Unknown
1647,31,1161.21,Rio
1648,82,3201.38,Lisbon
1649,12,3999.1,Sao Paulo
1650,32,4406.23,Unknown
1651,13,4683.68,Lisbon
1652,22,936.79,Unknown
1653,70,2308.63,Unknown
1654,65,2906.1,Lisbon
1655,88,1305.61,Madrid
1656,5,1094.53,Unknown
1657,36,642.46,Lisbon
1658,99,1782.25,Sao Paulo
1659,52,443.49,Sao Paulo
1660,85,3972.26,Madrid
1661,62,1198.34,Unknown
1662,16,1009.02,Sao Paulo
1663,87,1522.52,Sao Paulo
1664,36,3596.09,Unknown
1665,65,1233.89,Unknown
1666,44,2195.0,Rio
1667,61,3133.16,Lisbon
1668,15,3615.51,Sao Paulo
1669,99,560.75,Lisbon
1670,15,2606.98,Rio
1671,16,2171.51,Sao Paulo
1672,30,854.52,Madrid
1673,49,4023.66,Unknown
1674,61,4421.72,Sao Paulo
1675,36,3342.92,Unknown
1676,28,4008.08,Lisbon
1677,13,1623.95,Madrid
1678,59,814.57,Lisbon
1679,46,4003.51,Unknown
1680,82,1607.0,Sao Paulo
1681,56,4312.04,Unknown
1682,68,4116.94,Madrid
1683,4,305.64,Rio
1684,75,923.49,Lisbon
1685,66,2615.8,Unknown
1686,35,1497.93,Sao Paulo
1687,82,1765.96,Lisbon
1688,78,1040.81,Sao Paulo
1689,19,3024.4,Madrid
1690,27,3105.4,Unknown
1691,5,4984.45,Sao Paulo
1692,26,533.53,Unknown
1693,61,3076.1,Lisbon
1694,59,2070.56,Madrid
1695,80,2677.88,Madrid
1696,11,4917.34,Rio
1697,55,4015.15,Unknown
1698,1,4457.27,Unknown
1699,66,2886.71,Sao Paulo
1700,47,260.41,Madrid
1701,95,2596.88,Madrid
1702,84,1304.42,Madrid
1703,27,3010.18,Sao Paulo
1704,54,3286.74,Unknown
1705,8,2960.45,Sao Paulo
1706,2,750.85,Rio
1707,52,2659.85,Madrid
1708,97,4487.24,Sao Paulo
1709,100,2437.67,Sao Paulo
1710,63,2811.78,Lisbon
1711,97,2274.0,Rio
1712,39,3160.06,Lisbon
1713,9,1133.73,Lisbon
1714,49,1729.54,Sao Paulo
1715,84,3987.51,Lisbon
1716,80,2061.0,Unknown
1717,70,406.77,Madrid
1718,3,2957.76,Lisbon
1719,57,4795.0,Unknown
1720,57,4359.48,Madrid
1721,13,4489.47,Lisbon
1722,71,916.1,Unknown
1723,27,1474.22,Lisbon
1724,47,1958.11,Sao Paulo
1725,47,3540.69,Sao Paulo
1726,36,698.27,Madrid
1727,98,1611.84,Sao Paulo
1728,34,666.31,Sao Paulo
1729,87,3043.77,Rio
1730,3,4621.37,Lisbon
1731,4,818.55,Unknown
1732,56,2369.84,Lisbon
1733,19,218.67,Unknown
1734,50,2888.7,Sao Paulo
1735,88,4087.6,Rio
1736,33,391.01,Sao Paulo
1737,100,2219.07,Rio
1738,41,1916.8,Unknown
1739,86,4350.07,Rio
1740,78,2444.37,Lisbon
1741,2,2223.03,Rio
1742,44,2867.09,Rio
1743,70,2086.9,Lisbon
1744,35,3974.23,Rio
1745,33,2342.03,Madrid
1746,27,822.38,Rio
1747,68,137.23,Lisbon
1748,82,3157.69,Unknown
1749,63,367.03,Rio
1750,86,4428.52,Sao Paulo
1751,81,1790.5,Lisbon
1752,39,4689.54,Sao Paulo
1753,77,2079.98,Unknown
1754,16,49.76,Unknown
1755,4,3727.81,Rio
1756,86,1411.5,Unknown
1757,52,143.74,Sao Paulo
1758,2,3104.82,Unknown
1759,86,143.21,Unknown
1760,48,4734.23,Unknown
1761,34,4437.2,Sao Paulo
1762,20,3601.96,Lisbon
1763,37,2607.48,Unknown
1764,13,1586.87,Madrid
1765,2,1622.45,Lisbon
1766,41,2849.14,Lisbon
1767,8,2402.99,Madrid
1768,77,4754.16,Lisbon
1769,88,2571.62,Madrid
1770,34,3395.58,Lisbon
1771,49,920.85,Lisbon
1772,96,2886.89,Lisbon
1773,62,3298.15,Sao Paulo
1774,85,4391.81,Madrid
1775,80,4746.82,Lisbon
1776,100,1722.66,Sao Paulo
1777,96,3428.57,Unknown
1778,9,1795.68,Rio
1779,31,3584.76,Unknown
1780,75,4286.95,Unknown
1781,30,937.94,Unknown
1782,45,3855.24,Rio
1783,17,2172.23,Sao Paulo
1784,82,3749.62,Unknown
1785,62,3629.37,Sao Paulo
1786,66,2582.75,Sao Paulo
1787,20,1082.71,Unknown
1788,15,1973.63,Madrid
1789,84,940.74,Lisbon
1790,12,1235.0,Rio
1791,19,1319.24,Sao Paulo
1792,85,289.43,Lisbon
1793,60,3854.48,Sao Paulo
1794,97,2634.06,Unknown
1795,4,1144.33,Sao Paulo
1796,90,3988.21,Unknown
1797,4,1789.08,Unknown
1798,2,1383.28,Lisbon
1799,49,611.37,Sao Paulo
1800,38,473.09,Lisbon
1801,18,2818.01,Madrid
1802,12,2580.8,Sao Paulo
1803,75,3412.28,Sao Paulo
1804,79,2739.45,Rio
1805,89,4354.75,Rio
1806,6,1201.4,Madrid
1807,16,1990.83,Rio
1808,33,597.56,Unknown
1809,31,2553.32,Sao Paulo
1810,50,3296.77,Rio
1811,63,1545.71,Madrid
1812,67,1558.77,Rio
1813,22,2582.82,Rio
1814,67,930.67,Madrid
1815,49,2044.86,Madrid
1816,74,2815.78,Sao Paulo
1817,9,3314.98,Lisbon
1818,99,840.25,Madrid
1819,7,4007.11,Sao Paulo
1820,33,2113.58,Madrid
1821,96,2408.97,Rio
1822,4,4875.06,Madrid
1823,99,3153.84,Sao Paulo
1824,67,801.41,Unknown
1825,52,3415.72,Madrid
1826,36,4656.17,Rio
1827,88,2996.21,Sao Paulo
1828,39,1273.8,Rio
1829,43,882.04,Unknown
1830,82,2873.43,Unknown
1831,21,4443.79,Madrid
1832,26,2074.58,Lisbon
1833,51,3753.83,Lisbon
1834,45,1926.66,Unknown
1835,97,3535.95,Unknown
1836,84,384.06,Sao Paulo
1837,48,4552.14,Lisbon
1838,94,4197.3,Lisbon
1839,42,3802.38,Lisbon
1840,36,564.63,Rio
1841,28,2069.67,Rio
1842,76,1741.15,Unknown
1843,72,1075.88,Unknown
1844,2,1037.69,Rio
1845,8,1293.67,Unknown
1846,26,228.96,Lisbon
1847,8,2057.51,Unknown
1848,21,355.12,Madrid
1849,82,1682.77,Sao Paulo
1850,49,672.23,Lisbon
1851,68,3346.15,Sao Paulo
1852,62,3412.05,Lisbon
1853,45,2520.0,Sao Paulo
1854,73,2018.26,Sao Paulo
1855,57,1478.75,Lisbon
1856,77,3612.11,Unknown
1857,93,1656.61,Sao Paulo
1858,90,4077.47,Sao Paulo
1859,94,2929.62,Sao Paulo
1860,72,2410.06,Madrid
1861,11,4922.39,Sao Paulo
1862,83,2109.41,Madrid
1863,74,3964.18,Lisbon
1864,7,1035.12,Sao Paulo
1865,80,2954.97,Lisbon
1866,44,4032.99,Unknown
1867,68,2113.05,Madrid
1868,19,1533.61,Rio
1869,45,3346.66,Madrid
1870,38,3659.73,Rio
1871,79,4855.72,Sao Paulo
1872,38,3883.09,Lisbon
1873,50,1772.82,Lisbon
1874,48,329.75,Madrid
1875,61,4624.83,Rio
1876,9,205.79,Lisbon
1877,23,3711.07,Rio
1878,50,3453.53,Madrid
1879,66,24.82,Madrid
1880,29,281.75,Rio
1881,68,964.84,Lisbon
1882,64,4094.25,Rio
1883,22,2441.63,Lisbon
1884,18,3674.04,Unknown
1885,92,1775.33,Unknown
1886,50,4222.64,Lisbon
1887,66,2991.72,Sao Paulo
1888,93,872.9,Unknown
1889,31,3470.6,Unknown
1890,8,2983.84,Madrid
1891,48,2235.64,Rio
1892,43,1006.04,Unknown
1893,72,3578.69,Sao Paulo
1894,98,2809.76,Lisbon
1895,19,371.27,Madrid
1896,72,4054.49,Unknown
1897,81,1265.22,Rio
1898,25,1348.79,Lisbon
1899,60,4625.53,Unknown
1900,8,2006.29,Rio
1901,69,864.29,Sao Paulo
1902,46,2603.48,Madrid
1903,39,3027.12,Unknown
1904,95,4962.69,Madrid
1905,76,4738.19,Sao Paulo
1906,44,1931.16,Madrid
1907,38,504.07,Madrid
1908,35,2490.62,Madrid
1909,6,889.45,Sao Paulo
1910,39,2913.68,Lisbon
1911,1,1824.38,Unknown
1912,63,3170.85,Unknown
1913,15,437.7,Madrid
1914,23,3717.21,Unknown
1915,58,4608.74,Rio
1916,23,3883.83,Unknown
1917,62,18.85,Sao Paulo
1918,74,2253.67,Rio
1919,18,3253.9,Madrid
1920,22,1754.63,Sao Paulo
1921,91,3024.72,Madrid
1922,31,3038.76,Madrid
1923,29,4162.37,Lisbon
1924,84,2193.12,Sao Paulo
1925,26,2877.06,Lisbon
1926,89,2615.12,Madrid
1927,33,2024.12,Lisbon
1928,4,3517.95,Unknown
1929,68,3532.27,Unknown
1930,81,979.3,Madrid
1931,85,4602.43,Unknown
1932,3,1486.83,Sao Paulo
1933,42,748.98,Unknown
1934,23,4127.41,Lisbon
1935,41,2325.01,Madrid
1936,51,4623.7,Lisbon
1937,36,964.66,Unknown
1938,22,3834.42,Madrid
1939,5,850.66,Madrid
1940,27,449.1,Unknown
1941,70,1877.7,Rio
1942,67,1148.67,Lisbon
1943,32,2309.05,Rio
1944,40,1986.1,Lisbon
1945,81,1144.12,Lisbon
1946,70,4576.75,Lisbon
1947,18,3148.21,Rio
1948,46,3890.09,Madrid
1949,31,2000.21,Rio
1950,37,4021.94,Rio
1951,82,1187.83,Unknown
1952,65,2109.57,Unknown
1953,44,3305.92,Lisbon
1954,27,2782.01,Madrid
1955,6,4499.85,Rio
1956,76,4778.55,Rio
1957,36,1271.18,Rio
1958,23,4968.84,Sao Paulo
1959,94,763.29,Rio
1960,6,1518.75,Sao Paulo
1961,41,3724.92,Rio
1962,24,1025.23,Unknown
1963,19,3068.04,Unknown
1964,5,1271.56,Madrid
1965,90,1992.03,Sao Paulo
1966,93,83.88,Sao Paulo
1967,70,2038.19,Unknown
1968,14,3741.63,Madrid
1969,9,3139.91,Unknown
1970,17,3829.81,Lisbon
1971,50,2776.15,Rio
1972,68,2854.69,Unknown
1973,64,3929.77,Sao Paulo
1974,31,3906.24,Madrid
1975,14,4521.41,Lisbon
1976,92,1974.8,Madrid
1977,85,174.68,Madrid
1978,24,3716.98,Madrid
1979,86,2259.56,Madrid
1980,53,2048.82,Madrid
1981,15,3838.04,Rio
1982,32,330.51,Rio
1983,13,4951.97,Unknown
1984,50,573.5,Sao Paulo
1985,41,388.47,Sao Paulo
1986,20,2295.7,Rio
1987,62,1756.89,Madrid
1988,20,754.78,Unknown
1989,53,2480.74,Rio
1990,100,2216.72,Lisbon
1991,24,2661.49,Lisbon
1992,91,2963.15,Madrid
1993,47,652.31,Unknown
1994,47,1203.99,Sao Paulo
1995,75,387.28,Madrid
1996,10,2097.16,Rio
1997,92,3034.81,Lisbon
1998,78,1954.89,Sao Paulo
1999,24,1124.16,Madrid
2000,74,2275.31,Madrid
2001,7,4003.55,Unknown
2002,74,2484.61,Rio
2003,64,1530.02,Unknown
2004,34,1194.51,Lisbon
2005,34,1044.12,Lisbon
2006,49,2029.22,Lisbon
2007,46,2088.75,Rio
2008,98,3304.75,Madrid
2009,52,1265.17,Madrid
2010,93,1388.96,Madrid
2011,64,3416.29,Lisbon
2012,59,2303.28,Madrid
2013,29,1032.59,Unknown
2014,40,2390.62,Madrid
2015,24,4487.12,Unknown
2016,94,542.91,Madrid
2017,65,1654.44,Unknown
2018,6,1529.97,Madrid
2019,57,296.94,Madrid
2020,52,2334.3,Madrid
2021,18,3494.09,Unknown
2022,45,482.84,Lisbon
2023,16,2521.03,Madrid
2024,36,195.33,Lisbon
2025,32,906.59,Sao Paulo
2026,86,4848.95,Madrid
2027,64,2966.26,Unknown
2028,32,912.13,Lisbon
2029,18,3984.85,Unknown
2030,17,2139.42,Sao Paulo
2031,16,4643.62,Lisbon
2032,54,1533.88,Lisbon
2033,82,2236.53,Sao Paulo
2034,31,2434.96,Sao Paulo
2035,61,2799.47,Sao Paulo
2036,1,144.7,Unknown
2037,77,3773.38,Rio
2038,29,4106.75,Lisbon
2039,70,2640.29,Sao Paulo
2040,86,2173.97,Lisbon
2041,51,3950.54,Sao Paulo
2042,64,4630.61,Madrid
2043,17,1935.98,Rio
2044,84,1434.05,Madrid
2045,7,1435.45,Lisbon
2046,93,4467.75,Unknown
2047,7,3770.18,Rio
2048,65,4751.5,Madrid
2049,15,4685.03,Madrid
2050,94,3122.35,Sao Paulo
2051,64,2878.62,Unknown
2052,90,3109.31,Sao Paulo
2053,62,2734.89,Sao Paulo
2054,70,4200.97,Lisbon
2055,22,371.62,Lisbon
2056,32,1812.92,Lisbon
2057,46,1854.37,Unknown
2058,79,3968.81,Lisbon
2059,61,3506.23,Unknown
2060,31,119.44,Madrid
2061,52,4964.33,Unknown
2062,90,1692.28,Rio
2063,32,3012.39,Madrid
2064,20,4545.6,Rio
2065,14,4330.49,Madrid
2066,88,2571.33,Lisbon
2067,12,1815.67,Rio
2068,6,1231.36,Unknown
2069,27,3915.21,Unknown
2070,60,4355.12,Madrid
2071,42,2433.78,Madrid
2072,95,1511.88,Madrid
2073,33,2988.82,Rio
2074,17,1550.49,Unknown
2075,20,4845.11,Sao Paulo
2076,68,977.12,Unknown
2077,42,754.78,Sao Paulo
2078,64,473.67,Rio
2079,98,2826.42,Madrid
2080,62,184.75,Rio
2081,9,845.62,Lisbon
2082,86,3669.65,Lisbon
2083,68,3522.7,Madrid
2084,36,3541.14,Lisbon
2085,6,2867.36,Unknown
2086,3,1640.5,Rio
2087,77,2095.53,Sao Paulo
2088,55,2503.04,Rio
2089,13,791.31,Lisbon
2090,67,1105.9,Rio
2091,48,4533.51,Unknown
2092,56,1215.89,Lisbon
2093,34,2871.71,Unknown
2094,9,359.84,Unknown
2095,72,3787.86,Rio
2096,4,670.66,Rio
2097,87,1177.03,Lisbon
2098,16,3606.53,Rio
2099,81,1868.18,Madrid
2100,93,2050.91,Lisbon
2101,86,4298.03,Lisbon
2102,85,1306.9,Unknown
2103,21,2335.03,Sao Paulo
2104,86,3074.64,Unknown
2105,14,475.02,Rio
2106,19,3034.15,Madrid
2107,20,1640.98,Madrid
2108,27,3000.18,Lisbon
2109,62,3660.54,Madrid
2110,67,3512.09,Sao Paulo
2111,71,3700.01,Unknown
2112,45,2810.24,Unknown
2113,5,2036.1,Madrid
2114,3,1606.37,Lisbon
2115,18,3838.56,Lisbon
2116,59,2749.9,Lisbon
2117,11,2268.61,Sao Paulo
2118,90,1468.21,Lisbon
2119,86,3226.06,Madrid
2120,49,4007.02,Madrid
2121,49,2136.52,Sao Paulo
2122,29,4288.36,Madrid
2123,12,1402.05,Unknown
2124,97,2298.37,Sao Paulo
2125,32,3031.01,Rio
2126,35,328.96,Unknown
2127,83,585.44,Sao Paulo
2128,16,377.79,Madrid
2129,29,3654.39,Sao Paulo
2130,52,2699.43,Madrid
2131,22,4629.81,Lisbon
2132,12,705.92,Rio
2133,75,3602.14,Rio
2134,83,3239.15,Lisbon
2135,7,2209.73,Unknown
2136,99,1121.27,Madrid
2137,9,4716.54,Sao Paulo
2138,7,2736.06,Madrid
2139,98,3417.8,Madrid
2140,75,4447.3,Lisbon
2141,25,2670.34,Unknown
2142,68,3826.84,Rio
2143,10,4093.25,Lisbon
2144,94,2394.73,Rio
2145,86,2951.94,Madrid
2146,87,1616.25,Unknown
2147,93,621.5,Rio
2148,55,1683.38,Unknown
2149,70,4729.23,Madrid
2150,5,3570.83,Sao Paulo
2151,100,2295.67,Unknown
2152,24,2061.74,Lisbon
2153,62,2385.09,Unknown
2154,56,3440.67,Lisbon
2155,4,4822.03,Lisbon
2156,24,479.83,Rio
2157,37,1938.19,Lisbon
2158,6,143.27,Unknown
2159,16,2996.04,Sao Paulo
2160,33,3818.38,Sao Paulo
2161,49,1789.44,Madrid
2162,79,2549.42,Lisbon
2163,65,2118.0,Unknown
2164,60,2011.72,Sao Paulo
2165,75,2344.28,Rio
2166,32,4644.87,Rio
2167,43,3132.6,Unknown
2168,9,1120.06,Rio
2169,36,2323.65,Rio
2170,19,3959.89,Madrid
2171,16,3773.86,Unknown
2172,19,2979.44,Unknown
2173,75,4699.26,Lisbon
2174,93,1681.41,Rio
2175,39,3185.35,Unknown
2176,30,3747.54,Rio
2177,63,2974.06,Madrid
2178,60,626.89,Rio
2179,67,786.18,Sao Paulo
2180,3,79.4,Madrid
2181,47,2622.33,Madrid
2182,11,2857.03,Lisbon
2183,53,3237.66,Unknown
2184,86,4507.37,Rio
2185,9,3902.86,Unknown
2186,33,3414.39,Sao Paulo
2187,92,3986.01,Lisbon
2188,62,3315.26,Rio
2189,100,424.67,Sao Paulo
2190,44,3764.25,Unknown
2191,5,1516.93,Sao Paulo
2192,44,2608.57,Unknown
2193,34,4859.18,Sao Paulo
2194,51,296.65,Madrid
2195,78,3748.35,Madrid
2196,42,1163.71,Madrid
2197,73,4165.9,Madrid
2198,31,3151.94,Unknown
2199,68,794.68,Madrid
2200,45,2404.46,Unknown
2201,25,1562.44,Rio
2202,56,3798.94,Sao Paulo
2203,45,4373.14,Madrid
2204,55,4925.78,Sao Paulo
2205,80,4942.82,Unknown
2206,64,3375.85,Unknown
2207,78,2645.69,Sao Paulo
2208,31,991.16,Rio
2209,59,4819.45,Rio
2210,33,293.69,Madrid
2211,83,1370.25,Rio
2212,5,3077.67,Madrid
2213,85,651.53,Lisbon
2214,69,4818.21,Unknown
2215,19,4644.29,Madrid
2216,48,3126.5,Lisbon
2217,95,1231.35,Sao Paulo
2218,90,2352.5,Rio
2219,8,4904.57,Sao Paulo
2220,22,3406.77,Unknown
2221,17,470.61,Lisbon
2222,60,1311.08,Madrid
2223,66,4114.92,Rio
2224,29,334.2,Sao Paulo
2225,40,4048.29,Unknown
2226,34,118.54,Sao Paulo
2227,36,1046.12,Sao Paulo
2228,27,2092.05,Rio
2229,79,1720.79,Unknown
2230,33,3492.01,Lisbon
2231,9,2088.37,Lisbon
2232,17,616.5,Sao Paulo
2233,94,4970.14,Unknown
2234,96,2142.97,Sao Paulo
2235,55,3284.8,Sao Paulo
2236,89,4129.72,Lisbon
2237,100,3156.51,Lisbon
2238,69,4574.32,Unknown
2239,8,2782.96,Sao Paulo
2240,68,1933.16,Sao Paulo
2241,75,4529.63,Unknown
2242,99,3016.79,Unknown
2243,39,453.82,Sao Paulo
2244,13,4468.45,Sao Paulo
2245,42,3904.76,Unknown
2246,99,1535.86,Madrid
2247,86,4923.2,Rio
2248,44,1781.59,Rio
2249,38,3387.08,Lisbon
2250,73,4350.89,Madrid
2251,11,4939.58,Sao Paulo
2252,1,3403.09,Lisbon
2253,58,1961.14,Lisbon
2254,86,3028.34,Madrid
2255,32,1846.26,Madrid
2256,90,1284.55,Unknown
2257,61,3865.81,Madrid
2258,79,4992.6,Rio
2259,62,3889.26,Lisbon
2260,59,1536.95,Lisbon
2261,63,3118.35,Sao Paulo
2262,92,1127.35,Lisbon
2263,89,433.97,Unknown
2264,36,883.16,Sao Paulo
2265,85,3536.7,Unknown
2266,48,516.27,Madrid
2267,86,2928.15,Lisbon
2268,28,593.94,Lisbon
2269,92,4854.73,Rio
2270,79,2851.55,Lisbon
2271,100,4258.99,Madrid
2272,92,603.84,Rio
2273,8,2573.21,Lisbon
2274,92,2391.38,Madrid
2275,49,1563.96,Sao Paulo
2276,22,2285.29,Rio
2277,1,3966.1,Lisbon
2278,38,4425.8,Rio
2279,45,1337.74,Rio
2280,40,2330.6,Sao Paulo
2281,63,1325.18,Unknown
2282,59,3082.7,Madrid
2283,83,60.47,Unknown
2284,59,4318.07,Lisbon
2285,2,3641.52,Unknown
2286,93,2415.24,Madrid
2287,98,3918.38,Unknown
2288,82,4554.3,Rio
2289,79,3214.12,Rio
2290,58,556.68,Madrid
2291,56,536.38,Madrid
2292,31,3061.61,Unknown
2293,50,2373.35,Madrid
2294,98,1284.23,Unknown
2295,60,2092.21,Unknown
2296,94,2305.3,Sao Paulo
2297,64,4242.34,Sao Paulo
2298,97,2326.68,Lisbon
2299,79,482.28,Sao Paulo
2300,74,1264.74,Lisbon
2301,55,901.34,Sao Paulo
2302,73,1943.31,Unknown
2303,28,261.32,Sao Paulo
2304,13,4466.79,Rio
2305,30,158.59,Madrid
2306,75,4024.24,Lisbon
2307,42,4743.18,Madrid
2308,30,3410.65,Lisbon
2309,89,4270.67,Lisbon
2310,14,2557.83,Sao Paulo
2311,52,591.55,Madrid
2312,59,3845.34,Sao Paulo
2313,50,2050.45,Sao Paulo
2314,80,4797.37,Rio
2315,5,869.24,Sao Paulo
2316,89,2515.83,Lisbon
2317,76,1516.77,Lisbon
2318,92,1562.55,Lisbon
2319,64,1534.69,Lisbon
2320,43,352.8,Rio
2321,72,4808.08,Unknown
2322,89,3807.36,Madrid
2323,27,1086.94,Sao Paulo
2324,79,1673.03,Madrid
2325,73,329.02,Lisbon
2326,47,1889.41,Sao Paulo
2327,21,4479.3,Unknown
2328,50,3203.19,Rio
2329,65,705.81,Lisbon
2330,16,4676.98,Rio
2331,99,2599.64,Sao Paulo
2332,29,640.84,Lisbon
2333,88,1538.87,Madrid
2334,67,308.08,Madrid
2335,79,216.14,Lisbon
2336,9,2197.65,Unknown
2337,71,1106.5,Rio
2338,99,1088.03,Sao Paulo
2339,30,2625.0,Sao Paulo
2340,47,3977.26,Unknown
2341,92,3528.78,Lisbon
2342,41,4798.54,Sao Paulo
2343,65,892.87,Rio
2344,78,1070.64,Madrid
2345,45,337.88,Madrid
2346,47,2869.01,Sao Paulo
2347,14,53.97,Rio
2348,49,2898.25,Rio
2349,97,1960.06,Madrid
2350,54,3894.58,Madrid
2351,68,2955.86,Lisbon
2352,24,1905.38,Unknown
2353,71,3059.78,Madrid
2354,42,2598.05,Unknown
2355,16,983.64,Sao Paulo
2356,93,4683.62,Madrid
2357,63,2185.01,Lisbon
2358,24,937.22,Sao Paulo
2359,35,1755.28,Madrid
2360,35,1905.9,Lisbon
2361,5,4583.58,Rio
2362,64,4295.74,Sao Paulo
2363,40,3157.95,Rio
2364,22,2897.98,Madrid
2365,96,3765.1,Lisbon
2366,37,1509.99,Lisbon
2367,69,328.36,Rio
2368,43,461.09,Unknown
2369,44,2730.47,Unknown
2370,44,3071.52,Madrid
2371,57,3648.1,Unknown
2372,95,2923.62,Rio
2373,23,3431.85,Lisbon
2374,25,953.57,Madrid
2375,88,3430.42,Rio
2376,44,1798.4,Unknown
2377,35,4507.0,Lisbon
2378,79,2901.26,Sao Paulo
2379,45,4420.13,Madrid
2380,90,3175.14,Rio
2381,35,1920.27,Madrid
2382,69,2018.45,Sao Paulo
2383,74,3059.52,Unknown
2384,72,3242.8,Rio
2385,10,3978.45,Unknown
2386,66,1144.5,Unknown
2387,74,450.04,Sao Paulo
2388,86,3030.98,Madrid
2389,46,15.95,Rio
2390,71,367.83,Unknown
2391,29,3208.95,Madrid
2392,100,2854.34,Unknown
2393,75,3076.0,Unknown
2394,65,4719.88,Lisbon
2395,36,4555.39,Sao Paulo
2396,96,285.18,Madrid
2397,100,2793.9,Rio
2398,61,3839.18,Madrid
2399,42,1906.84,Rio
2400,63,3222.3,Unknown
2401,88,2367.28,Lisbon
2402,41,4010.02,Rio
2403,69,594.45,Lisbon
2404,76,4847.56,Rio
2405,46,2262.39,Madrid
2406,19,266.04,Rio
2407,88,3335.69,Unknown
2408,31,3764.14,Unknown
2409,37,134.9,Unknown
2410,4,2351.13,Rio
2411,43,3283.58,Rio
2412,51,1156.1,Unknown
2413,86,2842.81,Madrid
2414,58,3693.94,Sao Paulo
2415,61,1732.79,Lisbon
2416,44,2506.36,Rio
2417,83,1938.39,Madrid
2418,31,4560.49,Rio
2419,76,3478.63,Madrid
2420,75,3337.28,Madrid
2421,97,2187.1,Rio
2422,59,783.32,Sao Paulo
2423,59,4856.58,Madrid
2424,39,96.0,Lisbon
2425,68,4525.53,Madrid
2426,16,104.84,Rio
2427,22,1868.53,Unknown
2428,73,3110.83,Madrid
2429,83,4094.66,Lisbon
2430,7,2601.77,Rio
2431,98,4184.63,Lisbon
2432,34,3508.18,Rio
2433,26,3675.42,Unknown
2434,27,2732.8,Lisbon
2435,71,4893.84,Unknown
2436,100,2887.38,Sao Paulo
2437,33,3669.76,Rio
2438,7,4079.07,Lisbon
2439,29,4013.91,Unknown
